Abertamy;50.3769;12.8347
Adamov;49.0054;14.5520
Adamov;49.3019;16.6624
Adamov;49.8524;15.3988
Adršpach;50.6187;16.0957
Albrechtice nad Orlicí;50.1399;16.0430
Albrechtice nad Vltavou;49.2849;14.3051
Albrechtice v Jizerských horách;50.7868;15.2783
Albrechtice;49.7867;18.5285
Albrechtice;49.9279;16.6610
Albrechtičky;49.7035;18.1023
Alojzov;49.4250;17.0398
Andělská Hora;50.0838;17.3767
Andělská Hora;50.2065;12.9556
Anenská Studánka;49.8412;16.5467
Archlebov;49.0634;16.9960
Arneštovice;49.5317;15.1198
Arnolec;49.4405;15.8143
Arnoltice;50.8384;14.2504
Aš;50.2215;12.2272
Babice nad Svitavou;49.2855;16.6875
Babice u Rosic;49.1775;16.3504
Babice;49.0297;14.2338
Babice;49.1278;17.4790
Babice;49.1334;15.7552
Babice;49.7448;17.2711
Babice;50.0069;14.7242
Babice;50.1948;15.5904
Babylon;49.3941;12.8531
Bakov nad Jizerou;50.4808;14.9345
Baliny;49.3379;15.9592
Balkova Lhota;49.4516;14.5998
Bantice;48.8747;16.1760
Banín;49.6681;16.4394
Barchov;50.0037;15.6749
Barchov;50.2026;15.5668
Barchovice;49.9367;14.9402
Bartoušov;49.5789;15.6434
Bartošovice v Orlických horách;50.2010;16.5307
Bartošovice;49.6651;18.0393
Batelov;49.2988;15.3834
Batňovice;50.5210;16.0359
Bavorov;49.1239;14.0798
Bavory;48.8327;16.6158
Bavoryně;49.8935;13.9553
Bačalky;50.3859;15.1672
Bačetín;50.2987;16.2322
Bačice;49.0823;16.0176
Bačkov;49.7382;15.4640
Bačkovice;48.9641;15.5840
Bařice-Velké Těšany;49.2450;17.4043
Baška;49.6360;18.3636
Bašnice;50.3318;15.5963
Bašť;50.2097;14.4719
Bdeněves;49.7664;13.2241
Bdín;50.2166;13.8546
Bechlín;50.4265;14.3443
Bechyně;49.3057;14.4566
Bedihošť;49.4439;17.1534
Bednárec;49.1939;15.1041
Bednáreček;49.2057;15.1393
Bedřichov;49.4651;16.4581
Bedřichov;50.8106;15.1601
Benecko;50.6513;15.5401
Benetice;49.2995;15.8635
Benešov nad Ploučnicí;50.7468;14.2959
Benešov nad Černou;48.7320;14.6290
Benešov u Semil;50.6078;15.3728
Benešov;49.5205;16.7839
Benešov;49.7929;14.6806
Benešovice;49.7339;12.9041
Benátky nad Jizerou;50.2856;14.8377
Benátky;49.8534;16.3305
Benátky;50.3112;15.7321
Bernardov;50.0147;15.3992
Bernartice nad Odrou;49.6157;17.9520
Bernartice;49.3652;14.4016
Bernartice;49.6913;15.1166
Bernartice;50.3845;17.0796
Bernartice;50.6439;15.9623
Beroun;49.9712;14.0762
Besednice;48.7903;14.5615
Bezdružice;49.9138;12.9436
Bezdědovice;49.4500;13.8889
Bezděkov nad Metují;50.5097;16.2246
Bezděkov pod Třemšínem;49.5791;13.8820
Bezděkov;49.3898;13.2057
Bezděkov;49.7296;15.7328
Bezděkov;49.8250;13.5927
Bezděkov;50.0073;15.6531
Bezděz;50.5406;14.7129
Bezděčí u Trnávky;49.6976;16.7674
Bezkov;48.8732;15.9404
Bezměrov;49.3320;17.3384
Bezno;50.3640;14.7941
Bezuchov;49.4648;17.6046
Bezvěrov;49.9978;13.0723
Bečice;49.2243;14.5058
Bečice;49.3770;14.5506
Bečov nad Teplou;50.0885;12.8484
Bečov;50.4511;13.6964
Bečváry;49.9503;15.0855
Beňov;49.4190;17.4984
Beřovice;50.2659;14.1123
Biskoupky;49.1027;16.2673
Biskupice-Pulkov;49.0436;16.0051
Biskupice;49.0848;17.7092
Biskupice;49.4682;17.2313
Biskupice;49.6488;16.7645
Biskupice;49.8743;15.5096
Bitozeves;50.3797;13.6240
Biřkov;49.5202;13.2276
Blanné;48.9977;15.8791
Blansko;49.3588;16.6615
Blatce;50.4966;14.6095
Blatec;49.5265;17.2396
Blatnice pod Svatým Antonínkem;48.9437;17.4669
Blatnice;49.0633;15.8693
Blatnice;49.7195;13.1633
Blatnička;48.9396;17.5195
Blatno;50.1056;13.3712
Blatno;50.5269;13.3664
Blatná;49.4259;13.8919
Blazice;49.4419;17.6442
Blažejov;49.1523;15.1187
Blažejovice;49.6224;15.1903
Blažim;49.9141;13.0450
Blažim;50.4058;13.6239
Blažkov;49.4784;16.1964
Blažovice;49.1637;16.7865
Blevice;50.2127;14.2333
Blešno;50.2160;15.9303
Blovice;49.5786;13.5516
Bludov;49.8093;15.2510
Bludov;49.9459;16.9243
Blučina;49.0529;16.6604
Blízkov;49.4085;15.9142
Blížejov;49.4914;13.0079
Blíževedly;50.6020;14.4163
Blížkovice;48.9946;15.8208
Blšany u Loun;50.3483;13.8541
Blšany;50.2269;13.5011
Bobnice;50.2215;15.0589
Bobrová;49.4816;16.1172
Bobrůvka;49.4547;16.0938
Bocanovice;49.5658;18.7253
Bochov;50.1389;13.0046
Bochovice;49.3187;15.8949
Bochoř;49.4197;17.4143
Boharyně;50.2000;15.6139
Bohatice;50.6701;14.6772
Bohaté Málkovice;49.1891;17.0085
Bohdalec;49.4766;16.0486
Bohdalice-Pavlovice;49.2230;17.0302
Bohdalov;49.4747;15.8645
Bohdalovice;48.7423;14.2681
Bohdalín;49.3151;15.0120
Bohdaneč;49.7781;15.2282
Bohdašín;50.3431;16.2206
Bohdíkov;50.0323;16.8969
Bohostice;49.5876;14.1467
Bohumilice;49.1017;13.8157
Bohumín;49.9122;18.3503
Bohunice;49.1339;13.9765
Bohuslavice nad Vláří;49.0915;17.9331
Bohuslavice u Zlína;49.1672;17.6360
Bohuslavice;49.1520;15.5801
Bohuslavice;49.6312;16.9597
Bohuslavice;49.8234;16.9348
Bohuslavice;49.9466;18.1316
Bohuslavice;50.3095;16.0834
Bohuslávky;49.5561;17.5655
Bohutice;48.9954;16.3510
Bohutín;49.6599;13.9482
Bohutín;49.9558;16.8784
Bohuňov;49.5651;16.2003
Bohuňov;49.5961;16.4623
Bohuňovice;49.6622;17.2780
Bohuňovice;49.9050;16.2459
Bohušice;49.0862;15.8458
Bohušov;50.2389;17.7117
Bohušovice nad Ohří;50.4922;14.1483
Bohy;49.9375;13.5758
Boháňka;50.3676;15.6993
Bojanov;49.8567;15.6929
Bojanovice;48.9604;15.9885
Bojanovice;49.8337;14.3175
Bojiště;49.6637;15.2921
Bojkovice;49.0433;17.8091
Bolatice;49.9569;18.0848
Boleboř;50.5551;13.4067
Bolehošť;50.2105;16.0839
Boleradice;48.9689;16.8176
Boletice;48.8598;14.0659
Bolešiny;49.4112;13.3637
Bolkov;49.5333;13.2221
Bor u Skutče;49.8261;16.1314
Bor;49.7327;12.7947
Borač;49.3999;16.3596
Bordovice;49.5449;18.1579
Borek;49.0282;14.5028
Borek;49.7964;15.5996
Borek;50.1343;15.8537
Borek;50.2146;14.6483
Borek;50.4466;15.6499
Boreč;50.4166;14.7228
Borkovany;49.0316;16.8233
Borkovice;49.2189;14.6492
Borohrádek;50.1074;16.0939
Borotice;48.8630;16.2406
Borotice;49.7430;14.2976
Borotín;49.5102;14.5945
Borotín;49.5857;16.6787
Borovany;48.8940;14.6548
Borovany;49.3417;14.3963
Borovnice;48.9112;14.5194
Borovnice;49.6508;15.0154
Borovnice;49.6615;16.1872
Borovnice;50.0590;16.2418
Borovnice;50.5120;15.6179
Borovnička;50.5041;15.6648
Borovno;49.6236;13.6997
Borovná;49.1689;15.3956
Borovník;49.3585;16.2344
Borovy;49.5217;13.2992
Borová Lada;48.9965;13.6810
Borová;49.7423;16.1570
Borová;50.3868;16.2528
Borušov;49.7801;16.7631
Bory;49.4237;16.0138
Boršice u Blatnice;48.9329;17.5712
Boršice;49.0602;17.3490
Boršov nad Vltavou;48.9240;14.4270
Boršov;49.3988;15.4339
Boseň;50.5142;15.0331
Boskovice;49.4986;16.6640
Boskovštejn;48.9823;15.9309
Boudy;49.4510;14.0259
Bousov;49.9035;15.5286
Bousín;49.4603;16.8807
Bouzov;49.6938;16.9013
Bozkov;50.6405;15.3383
Boňkov;49.5488;15.4439
Bořanovice;50.1851;14.4831
Bořenovice;49.3617;17.5632
Bořetice;48.9171;16.8551
Bořetice;49.4904;15.1029
Bořetín;49.1985;15.2078
Bořetín;49.3178;14.9436
Bořice;49.9835;15.9213
Bořislav;50.5822;13.9368
Bořitov;49.4327;16.5856
Bošice;49.0893;13.8474
Bošilec;49.1486;14.6530
Bošovice;49.0615;16.8465
Bošín;50.0342;16.1997
Božanov;50.5266;16.3512
Božejov;49.3539;15.1555
Božetice;49.4536;14.4415
Božice;48.8440;16.2892
Božičany;50.2707;12.7591
Boží Dar;50.4248;12.8396
Brada-Rybníček;50.4650;15.3326
Bradlec;50.4522;14.9117
Bradlecká Lhota;50.4933;15.3908
Bradáčov;49.4940;14.8750
Brambory;49.9775;15.4632
Brandov;50.6275;13.3790
Brandýs nad Labem-Stará Boleslav;50.1885;14.6519
Brandýs nad Orlicí;50.0024;16.2900
Brandýsek;50.1904;14.1515
Branice;49.4070;14.3362
Branišov;48.9838;14.4020
Branišovice;48.9651;16.4405
Branka u Opavy;49.8891;17.8815
Brankovice;49.1560;17.1488
Branky;49.4623;17.8958
Branná;50.1618;17.0165
Branov;49.9999;13.8292
Bransouze;49.3052;15.7350
Brantice;50.0789;17.6023
Braníškov;49.2984;16.3442
Branžež;50.5090;15.0689
Bratkovice;49.7470;13.9946
Bratronice;49.3633;13.8354
Bratronice;50.0694;14.0191
Bratrušov;50.0201;16.9434
Bratčice;49.0760;16.5185
Bratčice;49.8502;15.4312
Bratřejov;49.2174;17.9154
Bratřice;49.5244;15.0073
Bratříkovice;49.9352;17.6933
Bratřínov;49.8442;14.3319
Bravantice;49.7636;18.0824
Braňany;50.5410;13.7100
Braškov;50.0996;14.0860
Bražec;50.1756;13.0624
Brloh;48.9347;14.2047
Brloh;50.0102;15.5509
Brniště;50.7137;14.7260
Brno;49.2150;16.5904
Brníčko;49.8964;16.9725
Brnířov;49.3803;13.0488
Brněnec;49.6305;16.5303
Brod nad Dyjí;48.8734;16.5347
Brod nad Tichou;49.8375;12.7330
Brodce;50.3368;14.8768
Brodec;50.3019;13.8096
Brodek u Konice;49.5567;16.8374
Brodek u Prostějova;49.3679;17.0813
Brodek u Přerova;49.4768;17.3469
Brodeslavy;49.9546;13.5588
Broumov;49.8913;12.5879
Broumov;50.6075;16.3494
Broumy;49.9428;13.8574
Brozany nad Ohří;50.4490;14.1314
Brtnice;49.3126;15.6734
Brtnička;49.2419;15.6262
Brumov-Bylnice;49.0732;18.0333
Brumov;49.4651;16.4282
Brumovice;48.9679;16.8872
Brumovice;50.0197;17.7373
Bruntál;49.9864;17.4644
Brusné;49.3561;17.6683
Bruzovice;49.7196;18.4066
Brušperk;49.7054;18.2315
Brzice;50.4503;15.9556
Brzkov;49.5262;15.7282
Brzánky;50.4655;14.3075
Brázdim;50.1847;14.5848
Brňany;50.4783;14.1372
Brťov-Jeneč;49.4198;16.5037
Bublava;50.3704;12.5022
Bubovice;49.9686;14.1613
Buchlovice;49.0901;17.3112
Budeč;49.0912;15.5854
Budeč;49.5394;15.9142
Budiměřice;50.2032;15.1117
Budislav;49.2904;14.8483
Budislav;49.7966;16.1633
Budišov nad Budišovkou;49.7959;17.6094
Budišov;49.2765;16.0086
Budišovice;49.8663;18.0289
Budkov;49.0493;15.6664
Budkov;49.0730;14.0123
Budyně nad Ohří;50.4059;14.1337
Budyně;49.1488;14.0653
Budíkov;49.5828;15.3571
Budíškovice;49.0357;15.5055
Budčeves;50.3073;15.2533
Budětice;49.2927;13.5860
Budětsko;49.5855;16.9283
Bujanov;48.7029;14.4537
Bujesily;49.9145;13.5779
Buk;49.0256;13.8422
Buk;49.5104;17.4628
Bukov;49.4517;16.2240
Bukovany;49.0373;17.0990
Bukovany;49.5764;14.1025
Bukovany;49.6060;17.3457
Bukovany;49.8263;14.6250
Bukovany;50.1608;12.5778
Bukovec;49.5455;18.8224
Bukovec;49.5880;12.9934
Bukovice;49.4080;16.4865
Bukovice;50.5578;16.2308
Bukovina nad Labem;50.1233;15.8262
Bukovina u Přelouče;49.9481;15.5648
Bukovina u Čisté;50.5446;15.5786
Bukovina;49.2977;16.7725
Bukovinka;49.3017;16.7957
Bukovka;50.1009;15.6251
Bukovno;50.4417;14.8306
Bukovník;49.2195;13.6569
Buková u Příbramě;49.7692;14.0780
Buková;49.5129;16.8229
Buková;49.5370;13.1592
Bukvice;50.4134;15.2859
Bulhary;48.8244;16.7384
Bulovka;50.9810;15.1290
Butoves;50.3855;15.4238
Buzice;49.4282;13.9384
Bučina;49.8929;16.1903
Bučovice;49.1428;17.0037
Bučí;49.8821;13.2965
Buřenice;49.5413;15.0704
Buš;49.7989;14.3842
Bušanovice;49.1051;13.9343
Bušovice;49.8034;13.5346
Buštěhrad;50.1558;14.1877
Bušín;49.9864;16.8347
Bykoš;49.8851;14.0617
Bylany;49.9597;15.7285
Bynovec;50.8217;14.2764
Bystrovany;49.5973;17.3165
Bystročice;49.5438;17.1882
Bystrá nad Jizerou;50.6028;15.4059
Bystrá;49.5057;15.3677
Bystré;49.6335;16.3600
Bystré;50.3184;16.2569
Bystřany;50.6244;13.8735
Bystřec;50.0111;16.6273
Bystřice nad Pernštejnem;49.5450;16.2657
Bystřice pod Hostýnem;49.3960;17.6404
Bystřice pod Lopeníkem;48.9706;17.7633
Bystřice;49.6373;18.7328
Bystřice;49.7171;14.6551
Bystřice;50.3988;15.2473
Bystřička;49.4177;17.9963
Byzhradec;50.2179;16.1884
Byšice;50.3231;14.6250
Bzenec;48.9612;17.2822
Bzová;49.9097;13.8505
Bácovice;49.4778;15.1676
Bánov;48.9753;17.7326
Báňovice;49.0179;15.4900
Bílence;50.4282;13.5225
Bílichov;50.2571;13.8927
Bílina;50.5519;13.7399
Bílkovice;49.7595;14.8464
Bílov;49.7336;17.9977
Bílov;50.0254;13.4186
Bílovec;49.7705;17.9927
Bílovice nad Svitavou;49.2642;16.6583
Bílovice-Lutotín;49.5168;17.0215
Bílovice;49.0998;17.5540
Bílsko u Hořic;50.3631;15.6008
Bílsko;49.1742;14.0423
Bílsko;49.6446;17.0206
Bílá Hlína;50.5268;14.9095
Bílá Lhota;49.7160;16.9833
Bílá Třemešná;50.4437;15.7603
Bílá Voda;50.4263;16.9032
Bílá;49.4407;18.4545
Bílá;50.6571;15.0266
Bílé Podolí;49.9643;15.4699
Bílé Poličany;50.3955;15.7315
Bílý Kostel nad Nisou;50.8101;14.9100
Bílý Kámen;49.4470;15.5022
Bílý Potok;50.8675;15.2438
Bílý Újezd;50.2420;16.2160
Bílčice;49.8701;17.5632
Bítouchov;50.4780;14.8954
Bítov;48.9382;15.7150
Bítov;49.7978;18.0552
Bítovany;49.9004;15.8632
Bítovčice;49.3735;15.7438
Býchory;50.0720;15.2753
Býkev;50.3526;14.4156
Býkov-Láryšov;50.0486;17.6773
Býkovice;49.4297;16.5408
Býčkovice;50.5552;14.2128
Býškovice;49.4701;17.7180
Býšovec;49.4699;16.2920
Býšť;50.1442;15.9233
Běchary;50.3090;15.2932
Běhařov;49.3396;13.1578
Běhařovice;48.9981;16.0676
Běleč nad Orlicí;50.1870;15.9505
Běleč;49.4424;16.3783
Běleč;49.5510;14.8447
Běleč;50.0591;13.9783
Bělkovice-Lašťany;49.6857;17.3226
Běloky;50.1291;14.2106
Bělotín;49.5977;17.7879
Bělov;49.2186;17.4835
Bělušice;50.0649;15.3207
Bělušice;50.4441;13.7631
Bělá nad Radbuzou;49.5819;12.6770
Bělá nad Svitavou;49.6386;16.4906
Bělá pod Bezdězem;50.5048;14.8034
Bělá pod Pradědem;50.1648;17.2002
Bělá u Jevíčka;49.6428;16.6473
Bělá;49.3131;15.2613
Bělá;49.7524;15.2415
Bělá;49.9716;18.1449
Bělá;50.5399;15.4467
Bělčice;49.4994;13.8633
Běrunice;50.1962;15.3548
Běstovice;50.0225;16.2107
Běstvina;49.8300;15.5902
Běšiny;49.2988;13.3149
Běštín;49.8037;14.0179
Břasy;49.8334;13.5599
Břeclav;48.7435;16.8825
Břehov;49.0248;14.3299
Břehy;50.0579;15.5701
Břest;49.3549;17.4352
Břestek;49.1113;17.3346
Břevnice;49.6427;15.6152
Březejc;49.3497;16.1001
Březina;49.2860;16.7388
Březina;49.2942;14.9056
Březina;49.3232;16.4171
Březina;49.4047;16.9485
Březina;49.6560;16.6092
Březina;49.8104;13.6045
Březina;50.4349;15.3093
Březina;50.5448;15.0373
Březinky;49.6580;16.7910
Březiny;49.7017;16.1102
Březnice;49.1864;17.6688
Březnice;49.2534;14.5083
Březnice;49.5637;13.9557
Březno;50.3813;13.4162
Březno;50.4027;15.0138
Březník;49.1737;16.1959
Březolupy;49.1310;17.5921
Březovice;50.4806;14.7369
Březová nad Svitavou;49.6553;16.5079
Březová-Oleško;49.9135;14.4098
Březová;48.9200;17.7480
Březová;49.2623;17.7843
Březová;49.7970;17.8606
Březová;49.9113;13.8743
Březová;50.1097;12.6281
Březová;50.1944;12.8600
Březsko;49.6123;16.8872
Březské;49.3219;16.2264
Březí nad Oslavou;49.5085;15.9335
Březí;48.8158;16.5712
Březí;49.3470;16.2127
Březí;49.5020;13.8024
Březí;50.0172;14.6951
Březůvky;49.1585;17.7024
Břežany I;50.0357;15.0858
Břežany II;50.1037;14.7863
Břežany;48.8685;16.3440
Břežany;49.3477;13.6106
Břežany;50.0090;13.5725
Břidličná;49.9089;17.3711
Břvany;50.4061;13.7249
Bříství;50.1377;14.8378
Bříza;50.3507;14.2023
Bříšťany;50.3129;15.6208
Bžany;50.5920;13.8710
Cebiv;49.8374;12.9905
Cehnice;49.2164;14.0307
Cejle;49.3678;15.4536
Cekov;49.8205;13.7653
Cep;48.9331;14.8387
Cerekvice nad Bystřicí;50.3439;15.7177
Cerekvice nad Loučnou;49.9078;16.2190
Cerekvička-Rosice;49.3287;15.6028
Cerhenice;50.0722;15.0720
Cerhonice;49.4134;14.0655
Cerhovice;49.8507;13.8177
Cetechovice;49.1856;17.2691
Cetenov;50.6517;14.9168
Cetkovice;49.5827;16.7210
Cetoraz;49.4607;14.9558
Cetyně;49.6010;14.1160
Chabařovice;50.6657;13.9431
Chabeřice;49.7530;15.0569
Chaloupky;49.7644;13.8865
Chanovice;49.4043;13.6992
Charvatce;50.3202;14.9964
Charváty;49.5111;17.2376
Chbany;50.3387;13.4093
Cheb;50.0775;12.3790
Chelčice;49.1165;14.1539
Cheznovice;49.7851;13.7808
Chlebičov;49.9633;17.9783
Chleby;49.8262;14.5576
Chleby;50.2277;15.0869
Chleny;50.0783;16.2569
Chlistov;49.3204;13.3642
Chlum Svaté Maří;50.1496;12.5412
Chlum u Třeboně;48.9808;14.9276
Chlum-Korouhvice;49.5785;16.3178
Chlum;49.3106;15.7683
Chlum;49.4508;13.8591
Chlum;49.6041;13.4854
Chlum;49.6957;14.9934
Chlum;49.9360;13.6630
Chlum;50.5807;14.5548
Chlumany;49.0639;13.9597
Chlumec nad Cidlinou;50.1568;15.4506
Chlumec;48.8697;14.4033
Chlumec;50.7067;13.9339
Chlumek;49.3733;15.8533
Chlumy;49.4368;13.6371
Chlumín;50.2822;14.4459
Chlumčany;49.6300;13.3191
Chlumčany;50.3379;13.8393
Chlumětín;49.7213;15.9926
Chlustina;49.8857;13.9283
Chlístov;49.2050;15.7376
Chlístov;49.7964;14.6493
Chlístov;50.3253;16.1746
Chlístovice;49.8629;15.1734
Chmelná;49.6515;14.9838
Chmelík;49.7655;16.3207
Chobot;49.4594;13.9285
Chocenice;49.5509;13.5081
Chocerady;49.8711;14.8211
Choceň;49.9978;16.2148
Chocnějovice;50.5924;14.9647
Chocomyšl;49.4717;13.1317
Chodouny;50.4785;14.2558
Chodouň;49.8952;13.9880
Chodov;49.4124;12.8182
Chodov;50.0820;12.8737
Chodov;50.2535;12.7315
Chodovlice;50.4585;13.9962
Chodová Planá;49.9103;12.7830
Chodská Lhota;49.3515;13.0871
Chodský Újezd;49.8619;12.6371
Cholenice;50.3234;15.2878
Cholina;49.6615;17.0404
Choltice;49.9877;15.6118
Chomle;49.8640;13.6337
Chomutice;50.3618;15.4921
Chomutov;50.4661;13.4098
Chomýž;49.3593;17.6417
Choratice;49.8427;14.8706
Chornice;49.6707;16.7427
Chorušice;50.3915;14.6458
Choryně;49.5060;17.9033
Choteč;49.9887;14.2853
Choteč;50.0853;15.8801
Choteč;50.4358;15.5112
Chotilsko;49.7545;14.3516
Chotiměř;50.5490;13.9979
Chotiněves;50.5449;14.2825
Chotovice;49.8529;16.1717
Chotovice;50.7418;14.5503
Chotoviny;49.4716;14.6827
Chotusice;49.9533;15.3907
Chotutice;50.0734;14.9862
Chotyně;50.8426;14.8738
Chotíkov;49.7930;13.3189
Chotýčany;49.0705;14.5229
Chotýšany;49.7318;14.8171
Chotěboř;49.7115;15.6776
Chotěbudice;49.0599;15.5728
Chotěbuz;49.7780;18.5873
Chotěmice;49.2765;14.8734
Chotěnov;49.8288;16.1836
Chotětov;50.3333;14.7868
Chotěvice;50.5251;15.7749
Chotěšice;50.2747;15.2506
Chotěšov;49.6638;13.1953
Chotěšov;50.4433;14.0847
Choustník;49.3342;14.8330
Choustníkovo Hradiště;50.4389;15.8785
Choťovice;50.1350;15.3386
Choťánky;50.1492;15.1597
Chožov;50.4117;13.8565
Chraberce;50.4093;13.8260
Chrast;49.8891;15.9383
Chrastava;50.8237;14.9683
Chrastavec;49.6200;16.5029
Chrastavice;49.4593;12.9600
Chraštice;49.5750;14.0735
Chrbonín;49.3595;14.8768
Chroboly;48.9557;14.0749
Chromeč;49.9368;16.8915
Chropyně;49.3588;17.3736
Chroustov;50.2851;15.3420
Chroustovice;49.9576;16.0038
Chrtníky;49.9807;15.6060
Chrtníč;49.7631;15.4365
Chrudichromy;49.5095;16.6316
Chrudim;49.9509;15.7960
Chrustenice;50.0129;14.1597
Chrást;49.5978;13.9397
Chrást;49.7938;13.4895
Chrást;50.1183;14.8913
Chrášťany;49.2812;14.3762
Chrášťany;49.7893;14.5662
Chrášťany;50.0510;14.2541
Chrášťany;50.0657;14.9301
Chrášťany;50.1506;13.6800
Chrášťovice;49.3264;13.8951
Chržín;50.3073;14.2550
Chuchelna;50.6019;15.2926
Chuchelná;49.9907;18.1162
Chudenice;49.4596;13.1719
Chudenín;49.2832;13.0884
Chuderov;50.7042;14.0664
Chudeřice;50.1482;15.5486
Chudoslavice;50.5822;14.1827
Chudíř;50.3103;14.9967
Chudčice;49.2932;16.4452
Chvalatice;48.9523;15.7565
Chvaletice;50.0267;15.4295
Chvaleč;50.5905;16.0316
Chvalkovice;49.1875;17.1062
Chvalkovice;50.4186;15.9652
Chvalnov-Lísky;49.1717;17.2297
Chvalovice;48.7821;16.0595
Chvalovice;49.0112;14.2298
Chvalíkovice;49.8896;17.9085
Chvalčov;49.3869;17.7214
Chvalšiny;48.8780;14.2030
Chvatěruby;50.2456;14.3424
Chvojenec;50.1134;15.9328
Chválenice;49.6404;13.4732
Chyjice;50.3872;15.2863
Chyňava;50.0250;14.0942
Chyše;50.1003;13.2577
Chyšky;49.5275;14.4147
Chyšná;49.5935;15.0966
Chářovice;49.8193;14.5749
Chýnice;49.9863;14.2587
Chýnov;49.4265;14.7955
Chýně;50.0604;14.2142
Chýstovice;49.5875;15.0793
Chýšť;50.1370;15.5569
Chřenovice;49.7152;15.2179
Chřibská;50.8584;14.4882
Chříč;49.9818;13.6545
Cidlina;49.1450;15.7243
Cikháj;49.6575;15.9579
Citice;50.1602;12.6007
Citonice;48.8837;15.9699
Citov;49.4690;17.3247
Cizkrajov;49.0247;15.3940
Cotkytle;49.9300;16.7103
Crhov;49.5479;16.4350
Ctiboř;49.7370;14.9058
Ctiboř;49.8324;12.6192
Ctidružice;48.9715;15.8606
Ctiměřice;50.3828;14.9969
Ctiněves;50.3797;14.3049
Ctětín;49.8299;15.8367
Cvikov;50.7694;14.6388
Cvrčovice;48.9949;16.4989
Cvrčovice;50.1772;14.1517
Církvice;49.9127;15.0126
Církvice;49.9527;15.3414
Císařov;49.4643;17.3469
Cítoliby;50.3345;13.8092
Cítov;50.3747;14.3981
Daleké Dušníky;49.7305;14.1822
Dalečín;49.5891;16.2668
Dalešice;49.1326;16.0856
Dalešice;50.6851;15.1875
Dalovice;50.2511;12.9028
Dalovice;50.4259;14.8714
Dambořice;49.0410;16.9231
Damnice;48.9104;16.3655
Damníkov;49.8739;16.5427
Darkovice;49.9402;18.2093
Daskabát;49.5866;17.4457
Dasnice;50.1484;12.5645
Dasný;49.0236;14.4032
Davle;49.8869;14.3897
Dačice;49.0890;15.4248
Daňkovice;49.6606;16.1462
Dašice;50.0323;15.9091
Deblín;49.3196;16.3360
Dehtáře;49.4912;15.2735
Desná;49.8170;16.2212
Desná;50.7800;15.3152
Dešenice;49.2634;13.2000
Dešná;48.9553;15.5286
Dešná;49.2649;17.8527
Dešov;48.9820;15.7128
Deštnice;50.2314;13.6121
Deštná;49.2693;14.9098
Deštná;49.6198;16.5595
Deštné v Orlických horách;50.3031;16.3548
Divec;50.2369;15.9213
Divišov;49.7949;14.8649
Diváky;48.9879;16.7816
Dlažkovice;50.4603;13.9707
Dlažov;49.3681;13.1751
Dlouhomilov;49.9021;17.0013
Dlouhopolsko;50.1746;15.3038
Dlouhoňovice;50.0704;16.4354
Dlouhá Brtnice;49.2370;15.6000
Dlouhá Lhota;49.3515;14.7919
Dlouhá Lhota;49.4325;16.5024
Dlouhá Lhota;49.7238;14.1211
Dlouhá Lhota;50.4271;15.0635
Dlouhá Loučka;49.7080;16.6149
Dlouhá Loučka;49.8301;17.1816
Dlouhá Stráň;49.9566;17.5089
Dlouhá Třebová;49.9431;16.4322
Dlouhá Ves;49.1901;13.5192
Dlouhá Ves;49.5764;15.6867
Dlouhé;49.5159;16.1153
Dlouhý Most;50.7098;15.0708
Dlouhý Újezd;49.7616;12.6060
Dnešice;49.6125;13.2531
Dobelice;49.0061;16.2652
Dobev;49.3100;14.0800
Dobkovice;50.7087;14.1787
Dobratice;49.6680;18.4910
Dobrkovice;49.0940;17.6716
Dobrná;50.7790;14.2976
Dobrochov;49.3887;17.1041
Dobrohošť;49.0822;15.4940
Dobromilice;49.3674;17.1455
Dobroměřice;50.3837;13.7906
Dobronice u Bechyně;49.3423;14.5059
Dobronín;49.4800;15.6431
Dobroslavice;49.8838;18.1502
Dobroutov;49.4599;15.7519
Dobrovice;50.3669;14.9171
Dobrovítov;49.7859;15.3175
Dobrovíz;50.1093;14.2225
Dobročkovice;49.1641;17.1072
Dobročovice;50.0588;14.6978
Dobruška;50.2932;16.1798
Dobrá Voda u Hořic;50.3487;15.6054
Dobrá Voda u Pacova;49.4061;15.0265
Dobrá Voda u Českých Budějovic;48.9684;14.5251
Dobrá Voda;49.3583;15.2726
Dobrá Voda;49.4001;16.0624
Dobrá;49.6801;18.4103
Dobré Pole;48.8421;16.5412
Dobré;50.2767;16.2864
Dobrčice;49.3998;17.4825
Dobršín;49.2632;13.5543
Dobřany;49.6598;13.3129
Dobřany;50.3261;16.2894
Dobřejovice;49.9804;14.5787
Dobřenice;50.1501;15.6349
Dobřeň;50.4820;14.5594
Dobřichov;50.0833;15.0454
Dobřichovice;49.9302;14.2816
Dobříkov;50.0115;16.1164
Dobřínsko;49.0603;16.2577
Dobřív;49.7225;13.6822
Dobříč;49.8901;13.4953
Dobříč;50.0182;14.2592
Dobříň;50.4399;14.3028
Dobříš;49.8159;14.1536
Dobšice;48.8557;16.0967
Dobšice;49.2144;14.4849
Dobšice;50.1386;15.2613
Dobšín;50.4889;15.1174
Dohalice;50.2860;15.7031
Doksany;50.4592;14.1683
Doksy;50.1204;14.0449
Doksy;50.5580;14.6550
Dolany nad Vltavou;50.2203;14.3288
Dolany;49.4481;13.2395
Dolany;49.6658;17.3601
Dolany;49.8122;13.4687
Dolany;50.1124;14.1495
Dolany;50.1183;15.6855
Dolany;50.3865;15.9591
Dolce;49.5557;13.3940
Dolenice;48.9063;16.3591
Dolní Benešov;49.9187;18.1035
Dolní Bezděkov;49.9593;15.8777
Dolní Bečva;49.4711;18.2066
Dolní Beřkovice;50.3887;14.4232
Dolní Bojanovice;48.8710;17.0329
Dolní Bousov;50.4476;15.1262
Dolní Branná;50.5969;15.5982
Dolní Brusnice;50.4579;15.7282
Dolní Bukovsko;49.1724;14.5771
Dolní Bělá;49.8982;13.2738
Dolní Břežany;49.9617;14.4355
Dolní Cerekev;49.3377;15.4339
Dolní Chvatliny;49.9792;15.0632
Dolní Dobrouč;49.9875;16.4969
Dolní Domaslavice;49.7156;18.4880
Dolní Dubňany;49.0636;16.2287
Dolní Dunajovice;48.8692;16.5741
Dolní Dvořiště;48.6501;14.4752
Dolní Dvůr;50.6697;15.6630
Dolní Habartice;50.7491;14.3291
Dolní Hbity;49.6612;14.1583
Dolní Heřmanice;49.3094;16.0537
Dolní Hořice;49.4315;14.8638
Dolní Hrachovice;49.4882;14.8066
Dolní Hradiště;49.9159;13.4913
Dolní Kalná;50.5507;15.6458
Dolní Kounice;49.0713;16.4594
Dolní Kralovice;49.6556;15.1782
Dolní Krupá;49.6592;15.6092
Dolní Krupá;50.5370;14.8633
Dolní Lažany;49.1024;15.7989
Dolní Lhota;49.1323;17.8075
Dolní Lhota;49.8420;18.0928
Dolní Libochová;49.4094;16.1807
Dolní Lochov;50.4564;15.2791
Dolní Lomná;49.5433;18.6797
Dolní Loučky;49.3572;16.3562
Dolní Lukavice;49.6091;13.3527
Dolní Lutyně;49.9148;18.4139
Dolní Lánov;50.5969;15.6635
Dolní Morava;50.1574;16.8212
Dolní Moravice;49.9878;17.2988
Dolní Město;49.6365;15.3557
Dolní Nivy;50.2453;12.6195
Dolní Novosedly;49.3279;14.2048
Dolní Němčí;48.9715;17.5770
Dolní Nětčice;49.4774;17.6723
Dolní Olešnice;50.5134;15.7174
Dolní Podluží;50.8757;14.5896
Dolní Pohleď;49.7465;15.1376
Dolní Poustevna;50.9980;14.2857
Dolní Pěna;49.1163;15.0127
Dolní Přím;50.2397;15.7077
Dolní Radechová;50.4411;16.1492
Dolní Roveň;50.0266;15.9847
Dolní Rožínka;49.4705;16.2091
Dolní Rychnov;50.1577;12.6502
Dolní Slivno;50.3066;14.7360
Dolní Sokolovec;49.7212;15.7129
Dolní Stakory;50.4373;14.9766
Dolní Studénky;49.9392;16.9836
Dolní Tošanovice;49.6848;18.4953
Dolní Těšice;49.4996;17.7999
Dolní Třebonín;48.8659;14.4022
Dolní Vilémovice;49.1568;15.9748
Dolní Vilímeč;49.1396;15.5216
Dolní Věstonice;48.8913;16.6452
Dolní Zimoř;50.4319;14.5031
Dolní Zálezly;50.6007;14.0474
Dolní Újezd;49.5537;17.5241
Dolní Újezd;49.8232;16.2587
Dolní Čermná;49.9735;16.5722
Dolní Řasnice;50.9435;15.1774
Dolní Ředice;50.0768;15.9165
Dolní Žandov;50.0208;12.5602
Dolní Životice;49.8981;17.7773
Dolní Žďár;49.0941;14.9800
Doloplazy;49.3550;17.1602
Doloplazy;49.5656;17.4036
Dolánky nad Ohří;50.4728;14.1639
Domamil;49.0880;15.6879
Domanín;48.9739;14.7504
Domanín;49.0062;17.2854
Domašov nad Bystřicí;49.7361;17.4399
Domašov u Šternberka;49.7071;17.3352
Domašov;49.2518;16.3286
Domašín;50.4288;13.1747
Domaželice;49.4273;17.5517
Domažlice;49.4360;12.9222
Domoraz;49.2490;13.6565
Domousnice;50.3975;15.0958
Domoušice;50.2466;13.7246
Dománovice;50.1137;15.3252
Doubek;50.0194;14.7410
Doubice;50.9007;14.4314
Doubrava;49.8631;18.4773
Doubravice nad Svitavou;49.4401;16.6414
Doubravice;48.9359;14.5085
Doubravice;49.3503;13.8443
Doubravice;50.4069;15.7635
Doubravička;50.3965;14.7727
Doubravník;49.4279;16.3464
Doubravy;49.1538;17.6751
Doubravčice;50.0226;14.7958
Doudleby nad Orlicí;50.1062;16.2588
Doudleby;48.8932;14.4922
Doupovské Hradiště;50.2391;13.0074
Doupě;49.2467;15.4271
Doňov;49.2184;14.7633
Drachkov;49.2395;13.8351
Drahanovice;49.5740;17.0484
Drahany;49.4322;16.8929
Drahelčice;50.0261;14.1889
Drahenice;49.5214;13.9563
Drahkov;49.5539;13.4669
Drahlín;49.7337;13.9519
Drahobudice;49.9304;15.0677
Drahobuz;50.5405;14.3171
Drahonice;49.1981;14.0865
Drahonín;49.4161;16.2732
Drahotín;49.5251;12.7552
Drahotěšice;49.1241;14.5569
Drahouš;50.0722;13.4953
Drahov;49.1763;14.7699
Drahoňův Újezd;49.8665;13.7128
Drahňovice;49.8187;14.8999
Draženov;49.4505;12.8562
Dražeň;49.9356;13.2865
Dražice;49.4251;14.5851
Dražičky;49.3907;14.5937
Dražovice;49.1956;16.9403
Dražovice;49.2311;13.6030
Dražíč;49.3072;14.3744
Dražůvky;49.0273;17.0205
Drevníky;49.7222;14.2605
Drhovice;49.4381;14.5500
Drhovle;49.3341;14.0275
Drhovy;49.7359;14.2335
Drmoul;49.9428;12.6614
Drnek;50.2030;13.9514
Drnholec;48.8697;16.4699
Drnovice;49.1930;17.9573
Drnovice;49.2793;16.9404
Drnovice;49.4732;16.5271
Drobovice;49.8925;15.4111
Droužetice;49.2924;13.8939
Droužkovice;50.4255;13.4253
Drozdov;49.8750;13.8392
Drozdov;49.9065;16.7796
Drslavice;49.0287;13.9022
Drslavice;49.0535;17.6062
Druhanov;49.6986;15.4125
Drunče;49.2970;14.9365
Druztová;49.7955;13.4424
Družec;50.1029;14.0393
Drysice;49.3420;17.0571
Dráchov;49.2223;14.6882
Drásov;49.3397;16.4773
Drásov;49.7075;14.1056
Drážov;49.1629;13.7295
Držkov;50.6917;15.2971
Držková;49.3352;17.7828
Držovice;49.4926;17.1402
Dub nad Moravou;49.4901;17.2715
Dub;49.1117;14.0135
Dubany;49.9911;15.7204
Dubenec;49.7017;14.0853
Dubenec;50.3831;15.7901
Dubicko;49.8257;16.9554
Dubičné;48.9767;14.5446
Dublovice;49.6728;14.3291
Dubnice;50.7367;14.8111
Dubno;49.6977;14.0443
Dubné;48.9798;14.3702
Dubovice;49.4305;15.1723
Dubá;50.5451;14.5293
Dubí;50.6983;13.7909
Dubčany;49.6464;17.0886
Dubňany;48.9326;17.0812
Duchcov;50.6008;13.7366
Dudín;49.4591;15.3904
Dukovany;49.0910;16.1660
Dunajovice;49.0347;14.6899
Dunice;49.6021;15.1546
Dušejov;49.4155;15.4241
Dušníky;50.4254;14.1916
Dvakačovice;49.9848;15.8976
Dvorce;49.3859;15.4854
Dvorce;49.8231;17.5143
Dvory nad Lužnicí;48.8383;14.8984
Dvory;49.0433;13.9455
Dvory;50.2130;15.0118
Dvůr Králové nad Labem;50.4311;15.8014
Dyje;48.8517;16.1288
Dyjice;49.1810;15.5109
Dyjákovice;48.7585;16.3061
Dyjákovičky;48.7696;16.0952
Dymokury;50.2594;15.1981
Dynín;49.1309;14.6468
Dzbel;49.6144;16.8412
Dílce;50.4661;15.3532
Díly;49.4476;12.7902
Dírná;49.2577;14.8371
Dívčice;49.0983;14.3054
Dívčí Hrad;50.2573;17.6371
Dívčí Kopy;49.2619;15.0382
Dýšina;49.7725;13.5053
Dědice;49.0271;15.7200
Dědová;49.7602;15.9886
Děhylov;49.8703;18.1746
Děkanovice;49.6215;15.1499
Děkov;50.1764;13.5656
Děpoltovice;50.2894;12.8272
Dětenice;50.3655;15.1564
Dětkovice;49.2789;17.1475
Dětkovice;49.4122;17.0828
Dětmarovice;49.8922;18.4657
Dětřichov nad Bystřicí;49.8305;17.4163
Dětřichov u Moravské Třebové;49.7896;16.7215
Dětřichov;49.8003;16.5393
Dětřichov;50.8893;15.0397
Děčany;50.4468;13.9203
Děčín;50.7918;14.1951
Dřenice;49.9833;15.7446
Dřetovice;50.1845;14.2032
Dřevnovice;49.3332;17.1380
Dřevohostice;49.4366;17.5947
Dřevčice;50.1643;14.6338
Dřevěnice;50.4526;15.4534
Dřešín;49.1581;13.7678
Dřínov;49.2875;17.2386
Dřínov;50.2730;14.0695
Dřínov;50.2749;14.3928
Dřísy;50.2618;14.6409
Dříteč;50.1091;15.8167
Dříteň;49.1391;14.3162
Důl;49.4562;15.0232
Džbánice;49.0026;16.2126
Džbánov;49.9182;16.1640
Ejpovice;49.7474;13.5160
Erpužice;49.8002;13.0541
Evaň;50.3786;14.0120
Eš;49.4420;14.9988
Felbabka;49.8159;13.9426
Frahelž;49.1142;14.7259
Francova Lhota;49.2179;18.1044
Františkov nad Ploučnicí;50.7323;14.3240
Františkovy Lázně;50.1241;12.3403
Frenštát pod Radhoštěm;49.5386;18.2087
Frymburk;48.6911;14.1558
Frymburk;49.2454;13.6990
Fryčovice;49.6692;18.2331
Fryšava pod Žákovou horou;49.6366;16.0306
Fryšták;49.2890;17.6793
Frýdek-Místek;49.6797;18.3272
Frýdlant nad Ostravicí;49.5847;18.3688
Frýdlant;50.8999;15.0599
Frýdštejn;50.6508;15.1463
Fulnek;49.7358;17.8876
Golčův Jeníkov;49.8121;15.4753
Grešlové Mýto;48.9833;15.8866
Gruna;49.7610;16.7610
Grunta;49.9743;15.2527
Grygov;49.5245;17.3006
Grymov;49.4786;17.4936
Habartice;51.0093;15.0806
Habartov;50.1813;12.5382
Habrovany;49.2290;16.8857
Habrovany;50.6019;13.9792
Habry;49.7489;15.4748
Habrůvka;49.3145;16.7089
Habřina;50.3304;15.8198
Habří;48.9498;14.3263
Hadravova Rosička;49.2476;15.0506
Hajany;49.1102;16.5517
Hajany;49.4432;13.8344
Hajnice;50.4879;15.8966
Halenkov;49.3359;18.1382
Halenkovice;49.1791;17.4464
Haluzice;49.1378;17.8917
Halámky;48.8500;14.9312
Halže;49.8326;12.5280
Hamr na Jezeře;50.6999;14.8473
Hamr;48.9541;14.8887
Hamry nad Sázavou;49.5676;15.8917
Hamry;49.2266;13.1388
Hamry;49.7379;15.9218
Hanušovice;50.0969;16.9238
Harrachov;50.7747;15.4492
Hartinkov;49.6817;16.8185
Hartmanice;49.1694;13.4338
Hartmanice;49.2074;14.5604
Hartmanice;49.6267;16.3743
Hartvíkovice;49.1797;16.0999
Hatín;49.1164;14.8685
Havlovice;50.4913;16.0332
Havlíčkova Borová;49.6393;15.7892
Havlíčkův Brod;49.5932;15.5746
Havraníky;48.8162;16.0084
Havraň;50.4367;13.5970
Havířov;49.7868;18.4285
Hazlov;50.1672;12.2511
Hačky;49.6268;16.9306
Haňovice;49.6798;17.0483
Haškovcova Lhota;49.3300;14.4649
Hať;49.9518;18.2425
Hejnice;50.0590;16.4114
Hejnice;50.8578;15.2005
Hejná;49.2867;13.6709
Hejtmánkovice;50.6017;16.3075
Helvíkovice;50.1041;16.4294
Heraltice;49.2337;15.7225
Herink;49.9671;14.5728
Heroltice;49.3094;16.4032
Herálec;49.5363;15.4381
Herálec;49.6827;15.9866
Heršpice;49.1084;16.9372
Hevlín;48.7580;16.3728
Heřmaneč;49.1265;15.2821
Heřmanice u Oder;49.7151;17.8036
Heřmanice;49.8300;15.5535
Heřmanice;50.3951;15.9103
Heřmanice;50.8839;15.0068
Heřmaničky;49.6120;14.5728
Heřmanov;49.3836;16.1748
Heřmanov;50.7103;14.2793
Heřmanova Huť;49.7130;13.0873
Heřmanovice;50.1773;17.3547
Heřmanův Městec;49.9448;15.6713
Heřmaň;48.9083;14.5038
Heřmaň;49.2360;14.1295
Heřmánkovice;50.6421;16.3296
Heřmánky;49.7113;17.7659
Hladké Životice;49.6762;17.9821
Hladov;49.2126;15.6183
Hlasivo;49.4988;14.7461
Hlavatce;49.0677;14.2630
Hlavatce;49.2934;14.6121
Hlavenec;50.2440;14.7094
Hlavečník;50.0772;15.4245
Hlavice;50.6365;14.9194
Hlavnice;49.9231;17.7347
Hlavňovice;49.2334;13.3839
Hlince;49.9502;13.6309
Hlincová Hora;48.9840;14.5602
Hlinka;50.2797;17.6696
Hlinná;50.5784;14.1207
Hlinsko;49.4975;17.5896
Hlinsko;49.7690;15.9074
Hlohovec;48.7731;16.7505
Hlohovice;49.8880;13.6275
Hlohová;49.5333;13.0768
Hlohovčice;49.5209;13.1030
Hluboká nad Vltavou;49.0981;14.4536
Hluboká;49.8497;16.0786
Hluboké Dvory;49.3815;16.5110
Hluboké Mašůvky;48.9374;16.0236
Hluboké;49.2316;16.2226
Hlubočany;49.2420;16.9938
Hlubočec;49.8426;17.9676
Hlubočky;49.6519;17.4088
Hluboš;49.7505;14.0290
Hlubyně;49.5634;13.9178
Hluchov;49.5362;16.9848
Hluk;48.9934;17.5296
Hlupín;49.3322;13.8015
Hlučín;49.9030;18.1930
Hlušice;50.2663;15.3966
Hlušovice;49.6380;17.2755
Hlásnice;49.7538;17.2932
Hlásná Třebaň;49.9294;14.2128
Hlína;49.1209;16.4272
Hlízov;49.9949;15.2928
Hnanice;48.8047;15.9791
Hnačov;49.3637;13.4846
Hnojice;49.7241;17.2254
Hnojník;49.6836;18.5426
Hnátnice;50.0154;16.4453
Hněvkovice;49.6910;15.2039
Hněvnice;49.7335;13.1081
Hněvotín;49.5737;17.1779
Hněvošice;50.0052;18.0043
Hněvčeves;50.3170;15.7096
Hobšovice;50.2820;14.1537
Hodice;49.2626;15.4716
Hodkovice nad Mohelkou;50.6747;15.0847
Hodonice;48.8370;16.1795
Hodonice;49.2698;14.4870
Hodonín;48.8630;17.1104
Hodonín;49.5016;16.4073
Hodonín;49.8278;15.7939
Hodov;49.2958;15.9812
Hodslavice;49.5362;18.0313
Hodíškov;49.5013;16.0332
Hodějice;49.1402;16.9154
Hodětín;49.2518;14.5529
Hojanovice;49.6061;15.2588
Hojkov;49.3877;15.4201
Hojovice;49.3355;14.9242
Holany;50.6235;14.4821
Holasice;49.0739;16.5946
Holasovice;49.9951;17.7909
Holedeč;50.2803;13.5675
Holenice;50.5224;15.3065
Holetín;49.7948;15.9183
Holešov;49.3370;17.5688
Holice;50.0792;16.0024
Holohlavy;50.3113;15.8503
Holotín;49.9551;15.5867
Holoubkov;49.7782;13.6943
Holovousy;49.9681;13.6121
Holovousy;50.3781;15.5708
Holubice;49.1775;16.8154
Holubice;50.1994;14.2951
Holubov;48.8812;14.3346
Holín;50.4638;15.2961
Holýšov;49.5941;13.1119
Holčovice;50.1653;17.4546
Holštejn;49.4104;16.7828
Homole u Panny;50.6361;14.1864
Homole;48.9404;14.4042
Honbice;49.9323;15.8789
Honezovice;49.6369;13.0353
Honětice;49.2025;17.2484
Hora Svaté Kateřiny;50.5973;13.4293
Hora Svatého Václava;49.5179;12.7288
Hora Svatého Šebestiána;50.5257;13.2479
Horažďovice;49.3307;13.7079
Horka I;49.9814;15.4306
Horka II;49.7231;15.1366
Horka nad Moravou;49.6461;17.1964
Horka u Staré Paky;50.5306;15.5641
Horka;49.8750;15.9231
Horky nad Jizerou;50.3273;14.8386
Horky;49.8791;15.4432
Horky;49.9174;16.2378
Hornice;48.9935;15.6753
Hornosín;49.4835;13.8404
Horní Benešov;49.9657;17.5995
Horní Bezděkov;50.0758;14.0663
Horní Bečva;49.4289;18.3064
Horní Beřkovice;50.3603;14.3543
Horní Blatná;50.3894;12.7643
Horní Bludovice;49.7484;18.4258
Horní Bojanovice;48.9435;16.7911
Horní Bradlo;49.8021;15.7422
Horní Branná;50.6168;15.5621
Horní Brusnice;50.4681;15.6720
Horní Bukovina;50.5468;14.9187
Horní Bělá;49.8936;13.2441
Horní Břečkov;48.8838;15.8690
Horní Bříza;49.8506;13.3573
Horní Cerekev;49.3334;15.3242
Horní Domaslavice;49.6963;18.4625
Horní Dubenky;49.2611;15.3211
Horní Dubňany;49.0638;16.1943
Horní Dunajovice;48.9551;16.1633
Horní Dvořiště;48.6089;14.3928
Horní Habartice;50.7710;14.3366
Horní Heřmanice;49.3242;15.9175
Horní Heřmanice;49.9677;16.7020
Horní Jelení;50.0554;16.0972
Horní Jiřetín;50.5653;13.5189
Horní Kalná;50.5648;15.6063
Horní Kamenice;49.5621;13.0992
Horní Kněžeklady;49.1958;14.4923
Horní Kounice;49.0323;16.1569
Horní Kozolupy;49.8376;12.9454
Horní Krupá;49.6835;15.5853
Horní Kruty;49.9117;14.9637
Horní Lapač;49.3003;17.6154
Horní Lhota;49.1681;17.8073
Horní Lhota;49.8500;18.0664
Horní Libchava;50.7153;14.4911
Horní Libochová;49.4100;16.1481
Horní Lideč;49.1802;18.0646
Horní Loděnice;49.7761;17.3717
Horní Lomná;49.5204;18.6377
Horní Loučky;49.3741;16.3327
Horní Lukavice;49.6129;13.3187
Horní Maršov;50.6808;15.8200
Horní Meziříčko;49.1659;15.2455
Horní Moštěnice;49.4132;17.4613
Horní Myslová;49.1671;15.4173
Horní Město;49.9009;17.2120
Horní Němčice;49.1626;15.2825
Horní Němčí;48.9211;17.6425
Horní Nětčice;49.4777;17.6901
Horní Olešnice;50.5262;15.6644
Horní Paseka;49.6304;15.2714
Horní Planá;48.7681;14.0031
Horní Podluží;50.8877;14.5459
Horní Police;50.7053;14.4082
Horní Počaply;50.4154;14.3867
Horní Poříčí;49.2937;13.7882
Horní Poříčí;49.5906;16.4761
Horní Pěna;49.1006;15.0350
Horní Radechová;50.4681;16.1454
Horní Radouň;49.2688;15.0078
Horní Radslavice;49.3385;15.8901
Horní Rožínka;49.5022;16.1929
Horní Rápotice;49.5805;15.3243
Horní Skrýchov;49.1794;15.0189
Horní Slatina;49.0986;15.5523
Horní Slavkov;50.1473;12.7980
Horní Slivno;50.3020;14.7013
Horní Smrčné;49.3380;15.7565
Horní Smržov;49.6152;16.5760
Horní Stropnice;48.7452;14.7230
Horní Studénky;49.9626;16.8077
Horní Suchá;49.7993;18.4834
Horní Tošanovice;49.6838;18.5112
Horní Těšice;49.5040;17.7858
Horní Třešňovec;49.9475;16.5901
Horní Ves;49.2881;15.3030
Horní Vilémovice;49.2850;15.8782
Horní Vltavice;48.9633;13.7710
Horní Věstonice;48.8774;16.6209
Horní Újezd;49.1418;15.8392
Horní Újezd;49.4494;17.7293
Horní Újezd;49.7988;16.2402
Horní Čermná;49.9633;16.6270
Horní Řasnice;50.9772;15.2114
Horní Ředice;50.0807;15.9526
Horní Řepčice;50.5556;14.2547
Horní Štěpánov;49.5612;16.7808
Horní Životice;49.9679;17.6463
Horoměřice;50.1321;14.3366
Horosedly;49.5232;14.0608
Horoušany;50.1081;14.7378
Horská Kvilda;49.0547;13.5519
Horušice;49.9977;15.4377
Hory;50.2066;12.7895
Horčápsko;49.5830;13.9738
Horšice;49.5327;13.4024
Horšovský Týn;49.5511;12.9145
Hoslovice;49.1983;13.7690
Hospozín;50.3269;14.1823
Hospříz;49.1200;15.0767
Hostašovice;49.5260;18.0009
Hostim;49.0202;15.9107
Hostinné;50.5418;15.7191
Hostivice;50.0829;14.2459
Hostišová;49.2508;17.5855
Hostomice;49.8200;14.0352
Hostomice;50.5905;13.8048
Hostouň;49.5802;12.7922
Hostouň;50.1091;14.1781
Hostovlice;49.8653;15.4661
Hosty;49.2591;14.3832
Hostín u Vojkovic;50.3008;14.4017
Hostín;50.3465;14.5940
Hostějov;49.0382;17.2552
Hostěnice;49.2648;16.7980
Hostěradice;48.9567;16.2587
Hostěrádky-Rešov;49.1165;16.7750
Hostětice;49.1981;15.4056
Hostětín;49.0505;17.8781
Hosín;49.0734;14.4998
Hovorany;48.9561;17.0033
Hovorčovice;50.1806;14.5159
Hovězí;49.3063;18.0611
Hořany;50.0970;14.9419
Hořenice;50.3751;15.9048
Hořepník;49.5134;15.0960
Hořesedly;50.1658;13.5995
Hořešovice;50.2703;13.9600
Hořešovičky;50.2797;13.9469
Hořice na Šumavě;48.7719;14.1693
Hořice;49.5927;15.1915
Hořice;50.3750;15.6313
Hořiněves;50.3257;15.7657
Hořičky;50.4473;15.9911
Hořovice;49.8382;13.9023
Hořovičky;50.1561;13.5317
Hořátev;50.1505;15.0370
Hořín;50.3445;14.4394
Hoštejn;49.8777;16.7737
Hoštice-Heroltice;49.2901;17.0582
Hoštice;49.1953;13.9112
Hoštice;49.2127;17.2361
Hoštka;50.4938;14.3375
Hošťalovice;49.9301;15.5664
Hošťka;49.7131;12.5863
Hošťálkovy;50.1240;17.5431
Hošťálková;49.3492;17.8612
Hrabišín;49.9169;17.0327
Hrabová;49.8479;16.9509
Hrabyně;49.8829;18.0542
Hrabětice;48.7830;16.4131
Hraběšice;49.9738;17.0803
Hraběšín;49.8539;15.3338
Hrabůvka;49.5811;17.6823
Hracholusky;49.0421;14.1110
Hracholusky;50.0073;13.7767
Hrachoviště;48.9266;14.7645
Hradce;48.9347;14.3621
Hradec Králové;50.2119;15.8393
Hradec nad Moravicí;49.8525;17.8672
Hradec nad Svitavou;49.7029;16.4806
Hradec-Nová Ves;50.2905;17.2784
Hradec;49.6348;13.1185
Hradec;49.7158;15.3019
Hradečno;50.1867;13.9879
Hradešice;49.3324;13.5905
Hradešín;50.0360;14.7743
Hradištko;49.8646;14.4226
Hradištko;50.1471;14.9347
Hradiště;49.4305;13.7477
Hradiště;49.4590;13.0566
Hradiště;49.6863;14.8460
Hradiště;49.9616;13.7208
Hradiště;50.2625;13.1338
Hradčany-Kobeřice;49.3696;17.1204
Hradčany;49.3265;16.4433
Hradčany;49.4490;17.5661
Hradčany;50.1577;15.2754
Hradčovice;49.0572;17.5754
Hranice;48.8366;14.8531
Hranice;49.5487;17.7056
Hranice;50.2899;12.1516
Hraničné Petrovice;49.7382;17.3981
Hrazany;49.5184;14.3266
Hrdibořice;49.4825;17.2236
Hrdlořezy;50.4731;14.8662
Hrdlív;50.1995;14.0711
Hrdějovice;49.0256;14.4678
Hrejkovice;49.4885;14.2897
Hrob;50.6651;13.7116
Hrobce;50.4627;14.2024
Hrobice;49.2788;17.7875
Hrobice;50.1081;15.7852
Hrobčice;50.5205;13.8206
Hrochův Týnec;49.9605;15.9166
Hromnice;49.8518;13.4490
Hronov;50.4916;16.1689
Hrotovice;49.0960;16.0514
Hroubovice;49.8811;15.9822
Hroznatín;49.3046;15.8972
Hroznová Lhota;48.9041;17.4193
Hroznětín;50.3106;12.8671
Hrubá Skála;50.5323;15.2072
Hrubá Vrbka;48.8619;17.4573
Hrubý Jeseník;50.2524;15.1006
Hrubčice;49.4464;17.2047
Hrusice;49.9206;14.7372
Hrutov;49.2541;15.6835
Hruška;49.3584;17.2236
Hrušky;48.7986;16.9549
Hrušky;49.1232;16.8392
Hrušov;50.3462;14.8352
Hrušovany nad Jevišovkou;48.8311;16.4078
Hrušovany u Brna;49.0381;16.5849
Hrušovany;50.3917;13.5110
Hrušová;49.9081;16.1933
Hrádek nad Nisou;50.8413;14.8793
Hrádek;48.7735;16.2760
Hrádek;49.2814;13.4999
Hrádek;49.6146;18.7556
Hrádek;49.7201;13.6458
Hrádek;49.9686;16.3357
Hrádek;50.2203;15.6782
Hrčava;49.5266;18.8348
Hubenov;49.4016;15.4623
Hudlice;49.9617;13.9537
Hudčice;49.5325;13.9007
Hukvaldy;49.6332;18.2234
Hulice;49.7068;15.0926
Hulín;49.3046;17.4809
Humburky;50.2286;15.5161
Humpolec;49.5355;15.3324
Huntířov;50.7977;14.3091
Hurtova Lhota;49.5916;15.5104
Husinec;49.0512;13.9799
Husinec;50.1779;14.3733
Huslenky;49.2879;18.1215
Hustopeče nad Bečvou;49.5451;17.8795
Hustopeče;48.9412;16.7428
Husí Lhota;50.4384;14.9952
Hutisko-Solanec;49.4105;18.2227
Huzová;49.8335;17.3127
Huštěnovice;49.1050;17.4700
Hvozd;49.6453;16.9041
Hvozd;49.9465;13.2657
Hvozd;50.0542;13.6835
Hvozdec;48.9918;14.6278
Hvozdec;49.2478;16.4137
Hvozdec;49.8072;13.8744
Hvozdnice;49.8778;14.3601
Hvozdnice;50.1900;15.7116
Hvozdná;49.2500;17.7554
Hvožďany;49.5073;12.7658
Hvožďany;49.5438;13.8036
Hvězdlice;49.2010;17.0742
Hvězdonice;49.8687;14.7750
Hvězdoňovice;49.2213;15.7659
Hybrálec;49.4454;15.5399
Hynčice;50.6243;16.2839
Hynčina;49.8479;16.7926
Háj u Duchcova;50.6451;13.6973
Háj ve Slezsku;49.8999;18.0875
Háje nad Jizerou;50.6223;15.4186
Háje;49.6745;14.0458
Hájek;49.1101;14.0611
Hájek;50.2819;12.9170
Hýskov;49.9993;14.0473
Hýsly;49.0374;17.1798
Hřebeč;50.1371;14.1626
Hřebečníky;49.9934;13.7549
Hředle;49.9067;13.9172
Hředle;50.1912;13.7517
Hřensko;50.8695;14.2682
Hřibiny-Ledská;50.1575;16.1748
Hřibojedy;50.3852;15.8314
Hřiměždice;49.6872;14.2680
Hřivice;50.2838;13.7157
Hřivínův Újezd;49.1286;17.6898
Hříšice;49.1076;15.5128
Hříškov;50.2816;13.8632
Hůrky;49.7429;13.6786
Hůry;49.0056;14.5314
Ivanovice na Hané;49.3132;17.1027
Ivančice;49.0920;16.3504
Ivaň;48.9411;16.5870
Ivaň;49.4303;17.2393
Jabkenice;50.3243;15.0302
Jablonec nad Jizerou;50.7015;15.4583
Jablonec nad Nisou;50.7295;15.1694
Jablonná;49.6622;14.1365
Jablonné nad Orlicí;50.0297;16.6109
Jablonné v Podještědí;50.7714;14.7588
Jabloňany;49.4732;16.5991
Jabloňov;49.3239;16.0860
Jablunkov;49.5705;18.7692
Jablůnka;49.3863;17.9631
Jahodov;50.1460;16.3390
Jakartovice;49.8829;17.6382
Jakubov u Moravských Budějovic;49.0866;15.7570
Jakubovice;50.0070;16.8248
Jakubčovice nad Odrou;49.6942;17.7766
Jalubí;49.1122;17.4198
Jamné nad Orlicí;50.0430;16.6462
Jamné;49.4381;15.7109
Jamolice;49.0808;16.2518
Jankov;48.9619;14.2862
Jankov;49.4165;15.3867
Jankov;49.6645;14.7463
Jankovice;49.1580;17.3872
Jankovice;49.3579;17.6206
Jankovice;50.0047;15.5289
Janoušov;50.0192;16.8452
Janov nad Nisou;50.7769;15.1687
Janov;49.8373;16.3972
Janov;50.2041;13.6349
Janov;50.2460;17.4634
Janov;50.3402;16.2509
Janov;50.8629;14.2687
Janovice nad Úhlavou;49.3475;13.2102
Janovice v Podještědí;50.7634;14.8296
Janovice;49.6170;18.4159
Janová;49.3192;18.0459
Janská;50.8154;14.3779
Janské Lázně;50.6435;15.7720
Janův Důl;50.7025;14.9452
Janůvky;49.6761;16.5847
Jarcová;49.4346;17.9513
Jarohněvice;49.2655;17.3661
Jaroměř;50.3479;15.9236
Jaroměřice nad Rokytnou;49.0977;15.9006
Jaroměřice;49.6199;16.7762
Jaroslav;50.0249;16.0782
Jaroslavice;48.7579;16.2359
Jarov;49.5241;13.5002
Jarov;49.8743;13.4582
Jarošov nad Nežárkou;49.2131;15.0785
Jarošov;49.8200;16.1596
Jarpice;50.3204;14.0793
Jasenice;49.2640;16.1708
Jasenná;49.2587;17.9193
Jasenná;50.3200;15.9853
Javor;49.3304;13.2629
Javorek;49.6523;16.1707
Javornice;50.1735;16.3447
Javorník;48.8406;17.5421
Javorník;49.6887;15.0280
Javorník;49.7790;16.4201
Javorník;49.8905;16.1535
Javorník;50.3827;16.9561
Javůrek;49.2591;16.3687
Jedlany;49.4907;14.7233
Jedlová;49.6635;16.3204
Jedlá;49.7311;15.2371
Jedlí;49.9346;16.7853
Jedomělice;50.2267;13.9591
Jedousov;50.0023;15.5952
Jedovnice;49.3338;16.7639
Jehnědí;49.9752;16.3040
Jemnice;49.0337;15.5687
Jemníky;50.2117;14.1146
Jeneč;50.0860;14.2059
Jenišov;50.2245;12.7989
Jenišovice;49.9351;16.0395
Jenišovice;50.6360;15.1320
Jeníkov;49.7421;15.9521
Jeníkov;50.6368;13.7445
Jeníkovice;49.9867;15.6608
Jeníkovice;50.2251;15.9932
Jenčice;50.4926;14.0005
Jenštejn;50.1483;14.6185
Jersín;49.4232;15.8222
Jesenec;49.6063;16.8616
Jesenice;49.6090;14.4789
Jesenice;49.9735;14.5359
Jesenice;50.1000;13.4890
Jesenný;50.6665;15.3432
Jeseník nad Odrou;49.5979;17.8897
Jeseník;50.2153;17.2261
Jestřabí Lhota;50.0983;15.2607
Jestřabí v Krkonoších;50.6708;15.4984
Jestřabí;49.0606;17.9524
Jestřebí;49.8509;16.8575
Jestřebí;50.3697;16.1917
Jestřebí;50.6049;14.5567
Jetětice;49.3907;14.2790
Jetřichov;50.6058;16.2539
Jetřichovice;50.8715;14.3787
Jevany;49.9789;14.8206
Jeviněves;50.3441;14.3386
Jevišovice;48.9763;15.9845
Jevišovka;48.8464;16.4443
Jevíčko;49.6458;16.6842
Jezbořice;49.9856;15.6875
Jezdkovice;49.9257;17.7646
Jezdovice;49.3214;15.4737
Jezernice;49.5408;17.6355
Jezeřany-Maršovice;49.0376;16.4244
Jeřice;50.3402;15.6841
Jeřišno;49.7979;15.6385
Jeřmanice;50.6985;15.0882
Ješetice;49.5845;14.6094
Ježená;49.4170;15.4558
Ježkovice;49.3091;16.8779
Ježov;49.0220;17.2109
Ježov;49.6150;15.2370
Ježovy;49.4832;13.2247
Jickovice;49.4487;14.2137
Jihlava;49.4036;15.5793
Jihlávka;49.2674;15.2898
Jilem;49.1757;15.2629
Jilem;49.7194;15.5858
Jilemnice;50.6140;15.5085
Jimlín;50.3235;13.7502
Jimramov;49.6329;16.2403
Jinačovice;49.2627;16.5429
Jince;49.7880;13.9696
Jindřichov;49.6496;17.7474
Jindřichov;50.1111;17.0208
Jindřichov;50.2339;17.5087
Jindřichovice pod Smrkem;50.9553;15.2519
Jindřichovice;49.1391;15.6395
Jindřichovice;50.2872;12.6278
Jindřichův Hradec;49.1552;14.9937
Jinolice;50.4809;15.3269
Jinočany;50.0297;14.2602
Jinošov;49.2319;16.1890
Jinín;49.2289;13.9862
Jiratice;48.9922;15.6045
Jirkov;50.5063;13.4275
Jirny;50.1185;14.6946
Jistebnice;49.4902;14.5218
Jistebník;49.7506;18.1332
Jitkov;49.6614;15.7304
Jivina;49.7913;13.8405
Jivina;50.5529;14.9480
Jivno;49.0021;14.5709
Jizbice;50.2571;14.9979
Jizerní Vtelno;50.3642;14.8366
Jičín;50.4281;15.3863
Jičíněves;50.3656;15.3143
Jiřetín pod Bukovou;50.7603;15.2486
Jiřetín pod Jedlovou;50.8603;14.5738
Jiřice u Miroslavi;48.9224;16.3947
Jiřice u Moravských Budějovic;48.9948;15.9241
Jiřice;49.5640;15.2952
Jiřice;50.2543;14.8378
Jiříkov;49.8667;17.2710
Jiříkov;50.9894;14.5644
Jiříkovice;49.1632;16.7678
Josefov;48.8448;17.0072
Josefov;50.2121;12.5701
Josefův Důl;50.4541;14.8945
Josefův Důl;50.7897;15.2204
Jáchymov;50.3749;12.8930
Jámy;49.5335;16.0039
Jíkev;50.2625;15.0605
Jílovice;48.9120;14.7469
Jílovice;50.2519;16.0117
Jíloviště;49.9311;14.3504
Jílové u Držkova;50.6697;15.2974
Jílové u Prahy;49.8959;14.4906
Jílové;50.7811;14.0902
Jívka;50.5735;16.1027
Jívová;49.7119;17.3903
Jívoví;49.4128;16.0882
Kacanovy;50.5497;15.1533
Kaceřov;49.8763;13.5010
Kaceřov;50.1462;12.5099
Kacákova Lhota;50.4098;15.4157
Kadaň;50.3838;13.2801
Kadlín;50.4004;14.6925
Kadolec;49.3699;16.1467
Kadov;48.9822;16.2835
Kadov;49.4074;13.7983
Kadov;49.6361;16.0714
Kakejcov;49.6715;13.6263
Kalek;50.5780;13.3355
Kalenice;49.2694;13.7161
Kalhov;49.4855;15.4339
Kalivody;50.2089;13.8204
Kaliště;49.2410;15.3054
Kaliště;49.5953;15.2952
Kaliště;49.8890;14.7616
Kaly;49.3844;16.3582
Kamberk;49.6034;14.8446
Kamenec u Poličky;49.7145;16.2375
Kamenec;49.8794;13.5931
Kamenice nad Lipou;49.3183;15.0787
Kamenice;49.3690;15.7881
Kamenice;49.8982;14.5919
Kamenický Šenov;50.7743;14.4764
Kameničky;49.7400;15.9763
Kameničná;50.1203;16.4375
Kamenná Horka;49.7431;16.5370
Kamenná Lhota;49.6424;15.2728
Kamenná;48.7888;14.6568
Kamenná;49.2767;16.0575
Kamenná;49.5098;15.6452
Kamenná;49.8616;17.0377
Kamenné Zboží;50.1976;14.9940
Kamenné Žehrovice;50.1251;14.0204
Kamenný Malíkov;49.2152;15.1180
Kamenný Most;50.2450;14.1977
Kamenný Přívoz;49.8624;14.5049
Kamenný Újezd;48.8875;14.4402
Kamenný Újezd;49.7228;13.6155
Kamýk nad Vltavou;49.6464;14.2476
Kamýk;50.5690;14.0720
Kanice;49.2475;16.6969
Kanice;49.4691;13.0738
Kanina;50.4176;14.5943
Kaničky;49.4747;13.1488
Kaplice;48.7576;14.4964
Kardašova Řečice;49.1757;14.8492
Karle;49.7610;16.3766
Karlov;49.6468;15.9098
Karlova Studánka;50.0789;17.3069
Karlova Ves;49.9780;13.8296
Karlovice;49.1769;17.5836
Karlovice;50.1244;17.4359
Karlovice;50.5628;15.2078
Karlovy Vary;50.2246;12.8656
Karlík;49.9414;14.2609
Karlín;48.9752;16.9810
Karlštejn;49.9399;14.1738
Karolinka;49.3513;18.2519
Karolín;49.2337;17.4382
Karviná;49.8477;18.5351
Kasalice;50.1250;15.6040
Kasejovice;49.4704;13.7161
Kateřinice;49.3894;17.8735
Kateřinice;49.6680;18.1773
Katov;49.2807;14.8222
Katov;49.3294;16.2799
Katovice;49.2714;13.8211
Katusice;50.4490;14.7714
Kaznějov;49.8908;13.3721
Kačice;50.1651;13.9966
Kačlehy;49.1010;15.0824
Kaňovice;49.1056;17.6946
Kaňovice;49.7480;18.3900
Kařez;49.8291;13.7789
Kařízek;49.8149;13.7890
Kašava;49.2995;17.7924
Kašnice;48.9994;16.8784
Kašperské Hory;49.1244;13.5633
Kbel;49.4905;13.3673
Kbel;49.9934;15.1487
Kbelany;49.7418;13.1337
Kbelnice;50.4584;15.3479
Kdousov;48.9865;15.6471
Kdyně;49.3822;13.0399
Keblice;50.4832;14.1085
Keblov;49.6775;15.0819
Kejnice;49.2718;13.6903
Kejžlice;49.5890;15.4042
Kelníky;49.1185;17.6469
Kelč;49.4852;17.8318
Kelčany;49.0090;17.1759
Kestřany;49.2703;14.0746
Ketkovice;49.1607;16.2487
Klabava;49.7569;13.5399
Kladeruby nad Oslavou;49.1375;16.1603
Kladeruby;49.4971;17.8739
Kladky;49.6508;16.8254
Kladno;49.7693;15.9776
Kladno;50.1512;14.1149
Kladníky;49.4851;17.6016
Kladruby nad Labem;50.0793;15.4569
Kladruby;49.2755;13.7527
Kladruby;49.7031;12.9617
Kladruby;49.7262;14.9426
Kladruby;49.9227;13.6165
Kladruby;50.6113;13.8300
Klamoš;50.1203;15.4853
Klapý;50.4372;13.9957
Klatovec;49.2247;15.3116
Klatovy;49.4074;13.2974
Klec;49.0966;14.7540
Klecany;50.1859;14.4112
Kleneč;50.3974;14.2425
Klenovice na Hané;49.4050;17.2123
Klenovice;49.2851;14.7078
Klenová;49.3332;13.2358
Klentnice;48.8475;16.6476
Klenčí pod Čerchovem;49.4285;12.8075
Klešice;49.9648;15.6716
Klimkovice;49.7866;18.1180
Klobouky u Brna;49.0037;16.8667
Klobuky;50.2934;13.9920
Klokočná;49.9591;14.7228
Klokočov;49.8047;15.6690
Klokočí;49.5538;17.6793
Klokočí;50.6025;15.2190
Klopina;49.8353;17.0289
Klopotovice;49.4502;17.2457
Kluky;49.3215;14.2463
Kluky;49.9035;15.3112
Kluky;50.4286;14.7269
Klučenice;49.5614;14.2200
Klučov;49.1684;15.9392
Klučov;50.0903;14.9252
Kly;50.3119;14.5077
Klášter Hradiště nad Jizerou;50.5325;14.9453
Klášter;49.4988;13.5749
Klášterec nad Ohří;50.3913;13.1846
Klášterec nad Orlicí;50.1257;16.5640
Klášterní Skalice;50.0242;14.9931
Klášterská Lhota;50.5569;15.6572
Klínec;49.9032;14.3474
Klíny;50.6458;13.5423
Klíčany;50.2045;14.4272
Kmetiněves;50.3151;14.1533
Knovíz;50.2111;14.1351
Knyk;49.6446;15.5780
Knínice;49.1094;15.5890
Knínice;49.5384;16.6834
Kněždub;48.8802;17.3934
Kněževes;49.4605;15.9926
Kněževes;49.5895;16.4373
Kněževes;50.1203;14.2556
Kněževes;50.1481;13.6396
Kněžice;49.2737;15.6733
Kněžice;49.8634;15.5206
Kněžice;50.2651;15.3412
Kněžičky;50.1647;15.3388
Kněžmost;50.4880;15.0573
Kněžnice;50.4994;15.3238
Kněžpole;49.0968;17.5130
Koberovice;49.5810;15.2625
Koberovy;50.6270;15.2152
Kobeřice u Brna;49.0875;16.8934
Kobeřice;49.9872;18.0541
Kobylice;50.2528;15.5807
Kobylnice;49.1376;16.7306
Kobylnice;50.0124;15.3765
Kobylnice;50.3690;15.0587
Kobyly;50.6097;14.9965
Kobylá nad Vidnavkou;50.3404;17.1266
Kobylí;48.9408;16.9180
Kocbeře;50.4632;15.8643
Kocelovice;49.4674;13.8272
Kochánky;50.2803;14.7736
Kochánov;49.5364;15.5397
Koclířov;49.7660;16.5408
Kohoutov;50.4519;15.9124
Kojatice;49.0099;15.7062
Kojatín;49.2440;16.0196
Kojetice;49.1564;15.8175
Kojetice;50.2388;14.5026
Kojetín;49.3454;17.3114
Kojetín;49.6551;15.6432
Kojice;50.0383;15.3883
Kojátky;49.1744;17.0311
Kojčice;49.4793;15.2542
Kokašice;49.8767;12.9338
Kokory;49.4988;17.3810
Kokořín;50.4404;14.5632
Kolaje;50.1581;15.2438
Koldín;50.0391;16.2514
Koleč;50.1995;14.2211
Kolešov;50.1507;13.4983
Kolešovice;50.1390;13.5750
Kolinec;49.3100;13.4051
Kolomuty;50.4015;14.9773
Koloveč;49.4903;13.1119
Kolová;50.1834;12.8983
Kolín;50.0277;15.2105
Kolšov;49.9043;16.9514
Komařice;48.8691;14.5404
Komorní Lhotka;49.6533;18.5291
Komorovice;49.5128;15.3428
Komořany;49.2101;16.9096
Komárno;49.4372;17.7808
Komárov;49.1558;17.5740
Komárov;49.2566;14.5904
Komárov;49.7664;17.2393
Komárov;49.8009;13.8484
Komárovice;49.0637;15.7002
Komňa;48.9871;17.8089
Kondrac;49.6765;14.8851
Konecchlumí;50.4112;15.4783
Konice;49.5874;16.8780
Konojedy;49.9508;14.8523
Konstantinovy Lázně;49.8757;13.0083
Konárovice;50.0384;15.2815
Koněprusy;49.9264;14.0656
Konětopy;50.2777;14.6586
Koněšín;49.1967;16.0292
Kopidlno;50.3338;15.2580
Kopidlo;49.9419;13.4655
Kopřivnice;49.6057;18.1673
Kopřivná;50.0443;16.9363
Korkyně;49.7871;14.3442
Kornatice;49.6659;13.5972
Korno;49.9216;14.1326
Korolupy;48.9264;15.6615
Korouhev;49.6641;16.2537
Koroužné;49.5314;16.3430
Korozluky;50.4852;13.7143
Koruna;49.8447;16.7271
Koryta;49.9064;13.4677
Koryta;50.5760;15.0119
Korytná;48.9365;17.6783
Koryčany;49.1086;17.1662
Kosice;50.1799;15.5319
Kosičky;50.1826;15.5599
Kosmonosy;50.4375;14.9433
Kosov;49.8810;16.8038
Kosova Hora;49.6456;14.4886
Kosoř;49.9863;14.3192
Kosořice;50.3398;14.9742
Kosořín;49.9789;16.2360
Kostelany nad Moravou;49.0446;17.4028
Kostelany;49.2072;17.3718
Kostelec na Hané;49.5197;17.0398
Kostelec nad Labem;50.2294;14.5726
Kostelec nad Orlicí;50.1165;16.1986
Kostelec nad Vltavou;49.4882;14.2308
Kostelec nad Černými lesy;49.9998;14.8637
Kostelec u Heřmanova Městce;49.9205;15.6475
Kostelec u Holešova;49.3838;17.5273
Kostelec u Křížků;49.9099;14.5552
Kostelec;49.0294;17.1516
Kostelec;49.3613;15.4981
Kostelec;49.6830;13.0307
Kostelec;50.3862;15.3210
Kostelecké Horky;50.0650;16.1823
Kostelní Hlavno;50.2612;14.7111
Kostelní Lhota;50.1302;15.0180
Kostelní Myslová;49.1508;15.4248
Kostelní Radouň;49.2249;15.0052
Kostelní Vydří;49.1103;15.4196
Kostice;48.7540;16.9395
Kostníky;48.9710;15.6366
Kostomlaty nad Labem;50.1943;14.9524
Kostomlaty pod Milešovkou;50.5584;13.8769
Kostomlaty pod Řípem;50.3797;14.3393
Kostomlátky;50.1753;14.9765
Kostěnice;50.0052;15.9012
Kotenčice;49.7374;14.0941
Kotlasy;49.4921;15.9476
Kotopeky;49.8519;13.9218
Kotovice;49.6757;13.1468
Kotvrdovice;49.3635;16.7859
Kounice;50.1154;14.8533
Kounov;50.2188;13.6733
Kounov;50.3047;16.2892
Koupě;49.5138;13.9049
Kout na Šumavě;49.4055;13.0040
Kouty;49.3127;15.7965
Kouty;49.6464;15.2940
Kouty;50.1925;15.1452
Kouřim;50.0021;14.9729
Kovalovice;49.2008;16.8198
Kovanec;50.4079;14.7712
Kovanice;50.1593;15.0704
Kovač;50.3987;15.4574
Koválovice-Osíčany;49.2840;17.1651
Kováň;50.4229;14.7815
Kovářov;49.5370;14.2439
Kovářská;50.4318;13.0723
Kovčín;49.4154;13.6124
Kozlany;49.1789;16.0574
Kozlany;49.2082;17.0382
Kozlov;49.3782;16.0745
Kozlov;49.4093;15.7001
Kozlov;49.5831;17.5734
Kozlov;49.7480;15.2799
Kozlovice;49.4645;13.5742
Kozlovice;49.5885;18.2659
Kozly;50.4618;13.7883
Kozly;50.6598;14.4536
Kozmice;49.8256;14.7880
Kozmice;49.9180;18.1575
Kozojedy;49.9228;13.5185
Kozojedy;50.0048;14.8152
Kozojedy;50.2452;13.8118
Kozojedy;50.3151;15.3734
Kozojídky;48.9201;17.3928
Kozolupy;49.7526;13.2459
Kozomín;50.2451;14.3623
Kozárov;49.4428;16.4540
Kozárovice;49.5561;14.1251
Kočov;49.8047;12.7303
Kočí;49.9429;15.8559
Kočín;49.9299;13.4797
Kořenec;49.5327;16.7507
Kořenice;49.9676;15.1169
Kořenov;50.7887;15.3449
Košařiska;49.5903;18.6730
Košetice;49.5636;15.1121
Košice;49.3285;14.7503
Košice;49.8970;15.1527
Koštice;50.4166;13.9416
Košátky;50.3156;14.6611
Košík;50.3211;15.1287
Košíky;49.1704;17.4047
Košín;49.4606;14.6608
Košťany;50.6872;13.7468
Košťálov;50.5813;15.4182
Kožichovice;49.1967;15.9208
Kožlany;49.9786;13.5364
Kožlí;49.5240;14.1495
Kožlí;49.6765;15.2513
Kožušany-Tážaly;49.5397;17.2396
Kožušice;49.1594;17.1831
Kraborovice;49.8107;15.5716
Krabčice;50.4096;14.2926
Krahulov;49.2222;15.7991
Krahulčí;49.1799;15.4077
Krajková;50.2273;12.5251
Krajníčko;49.1454;14.0204
Krakov;50.0431;13.6383
Krakovany;50.0695;15.3594
Krakovec;50.0229;13.6556
Kralice na Hané;49.4660;17.1855
Kralice nad Oslavou;49.1989;16.1952
Kralovice;49.9873;13.4457
Kralupy nad Vltavou;50.2401;14.2995
Kramolna;50.4332;16.1289
Kramolín;49.1380;16.1223
Kramolín;49.4484;13.5743
Kraselov;49.2280;13.8099
Kraslice;50.3132;12.4796
Krasonice;49.1238;15.6024
Krasov;50.0957;17.5242
Krasová;49.3717;16.7726
Krasíkov;49.8557;16.6921
Krasíkovice;49.4679;15.2243
Kratochvilka;49.1602;16.3696
Kratonohy;50.1574;15.6006
Kratušín;49.0164;13.9183
Kravaře;49.9364;18.0210
Kravaře;50.6407;14.3888
Kravsko;48.9241;15.9865
Krašlovice;49.1643;14.1218
Krašovice;49.8736;13.3144
Krchleby;49.8267;16.8155
Krchleby;49.8814;15.3499
Krchleby;50.0778;16.2256
Krchleby;50.2393;15.0129
Krejnice;49.2351;13.7103
Krhanice;49.8608;14.5578
Krhov;49.0911;16.0112
Krhov;49.4550;16.5827
Krhovice;48.8271;16.2022
Krhová;49.4939;18.0116
Krmelín;49.7289;18.2396
Krnov;50.1004;17.6643
Krnsko;50.3887;14.8541
Krokočín;49.2451;16.2248
Krompach;50.8275;14.6939
Kroměříž;49.2882;17.3898
Kropáčova Vrutice;50.3369;14.7104
Krouna;49.7677;16.0563
Kroučová;50.2105;13.7820
Krsy;49.9391;13.0832
Krtov;49.3538;14.8366
Krty-Hradec;49.2976;13.8502
Krty;50.0911;13.4272
Krucemburk;49.6826;15.8269
Kruh;50.5676;15.4753
Krumsín;49.4443;17.0084
Krumvíř;48.9842;16.9128
Krupka;50.7034;13.8724
Krupá;50.0264;14.8825
Krupá;50.1701;13.7203
Krušovice;50.1740;13.7691
Kružberk;49.8455;17.6679
Krychnov;50.0078;15.0628
Kryry;50.1724;13.4708
Kryštofovo Údolí;50.7639;14.9448
Kryštofovy Hamry;50.4733;13.1098
Králova Lhota;49.4896;14.1043
Králova Lhota;50.2926;15.9925
Královec;50.6752;15.9673
Královice;50.2667;14.0519
Královské Poříčí;50.2038;12.6803
Králíky;50.0928;16.7501
Králíky;50.2678;15.5472
Králův Dvůr;49.9416;14.0192
Krásensko;49.3626;16.8442
Krásno;50.1094;12.7985
Krásná Hora nad Vltavou;49.6055;14.2719
Krásná Hora;49.5998;15.4605
Krásná Lípa;50.9140;14.4823
Krásná Ves;50.4261;14.8011
Krásná;49.5703;18.4652
Krásná;50.2538;12.1408
Krásné Údolí;50.0778;12.9170
Krásné;49.6768;16.1282
Krásné;49.8303;15.7374
Krásný Dvůr;50.2564;13.3453
Krásný Les;50.3593;12.9894
Krásný Les;50.9364;15.1240
Krásněves;49.4416;15.9818
Krátká Ves;49.6303;15.6849
Krátošice;49.3220;14.7967
Krčmaň;49.5204;17.3453
Krňany;49.8431;14.4583
Ktiš;48.9250;14.1513
Ktová;50.5236;15.2458
Kublov;49.9448;13.8727
Kubova Huť;48.9825;13.7722
Kubšice;49.0040;16.4186
Kuchařovice;48.8793;16.0686
Kudlovice;49.1478;17.4431
Kujavy;49.7092;17.9695
Kukle;49.7938;16.4270
Kuklík;49.6231;16.1095
Kuks;50.3895;15.8757
Kulířov;49.3817;16.8436
Kundratice;49.3984;16.1339
Kunemil;49.7087;15.4283
Kunice;49.4819;16.4882
Kunice;49.9268;14.6731
Kuničky;49.4336;16.6768
Kunkovice;49.1825;17.1894
Kunovice;49.0338;17.4609
Kunovice;49.4360;17.8129
Kunratice u Cvikova;50.7718;14.6758
Kunratice;50.8370;14.4228
Kunratice;50.9256;15.0312
Kunvald;50.1382;16.5000
Kunín;49.6442;17.9916
Kunčice nad Labem;50.5815;15.6280
Kunčice pod Ondřejníkem;49.5498;18.2856
Kunčice;50.2230;15.6306
Kunčina Ves;49.4479;16.4852
Kunčina;49.7947;16.6015
Kunějovice;49.8605;13.2300
Kunětice;50.0757;15.8239
Kunštát;49.5044;16.5066
Kunžak;49.1015;15.2201
Kupařovice;49.0380;16.4707
Kurdějov;48.9585;16.7654
Kuroslepy;49.1580;16.2173
Kurovice;49.2848;17.5134
Kutná Hora;49.9463;15.2652
Kutrovice;50.2584;14.0146
Kučerov;49.2216;17.0097
Kučeř;49.4367;14.2424
Kuňovice;49.6624;15.0039
Kuřim;49.3059;16.5430
Kuřimany;49.1988;13.9640
Kuřimská Nová Ves;49.3435;16.2982
Kuřimské Jestřabí;49.3452;16.3173
Kuželov;48.8560;17.4928
Kvasice;49.2397;17.4702
Kvasiny;50.2143;16.2665
Kvilda;48.9977;13.5825
Kváskovice;49.1873;14.0054
Kvášňovice;49.4147;13.6436
Kvílice;50.2551;13.9990
Kvítkov;50.6556;14.4910
Kvítkovice;48.9602;14.3304
Kvíčovice;49.5871;13.0676
Květinov;49.5709;15.5018
Květnice;50.0594;14.6810
Květná;49.7433;16.3321
Květov;49.4144;14.2793
Kyje;50.5006;15.3796
Kyjov;49.0353;17.1192
Kyjov;49.4477;15.8768
Kyjov;49.6266;15.6244
Kyjovice;48.9076;16.1557
Kyjovice;49.8357;18.0441
Kynice;49.7407;15.3655
Kynšperk nad Ohří;50.1195;12.5360
Kyselka;50.2679;12.9901
Kyselovice;49.3692;17.4026
Kytlice;50.8243;14.5174
Kytín;49.8536;14.2185
Kyšice;49.7537;13.4875
Kyšice;50.0875;14.0957
Kyškovice;50.4497;14.2787
Kácov;49.7853;15.0253
Kájov;48.8244;14.2565
Kámen;49.4295;15.0224
Kámen;49.7263;15.5323
Kámen;50.8101;14.2589
Káranice;50.1519;15.5618
Káraný;50.1820;14.7505
Kňovice;49.6927;14.4059
Křekov;49.1331;17.9697
Křelov-Břuchotín;49.6152;17.1956
Křelovice;49.5419;15.1679
Křelovice;49.8629;13.0605
Křemže;48.9062;14.3059
Křenek;50.2373;14.6231
Křenice;49.4958;13.1970
Křenice;50.0312;14.6716
Křenov;49.6863;16.6052
Křenovice;49.1479;16.8282
Křenovice;49.3144;17.2717
Křenovice;49.3722;14.3311
Křenovy;49.5358;13.0170
Křepenice;49.7087;14.3342
Křepice;48.9829;16.0953
Křepice;49.0040;16.7203
Křesetice;49.9014;15.2605
Křesín;50.3946;13.9805
Křetín;49.5668;16.4973
Křeč;49.3897;14.9159
Křečhoř;50.0282;15.1313
Křečkov;50.1825;15.1175
Křečovice;49.7283;14.4650
Křešice;50.5307;14.2204
Křešín;49.5841;15.0499
Křešín;49.8007;13.9429
Křimov;50.4872;13.3081
Křinec;50.2701;15.1486
Křinice;50.5795;16.2817
Křivoklát;50.0424;13.8835
Křivsoudov;49.6328;15.0928
Křičeň;50.1147;15.6413
Křišťanov;48.9113;14.0329
Křišťanovice;49.8582;17.5063
Křižanov;49.3893;16.1099
Křižanov;49.4010;14.3754
Křižanovice u Vyškova;49.2918;17.0332
Křižanovice;49.1457;16.9442
Křižanovice;49.8636;15.7572
Křižany;50.7464;14.8831
Křižovatka;50.1786;12.4160
Křižánky;49.6835;16.0622
Křižínkov;49.3274;16.2611
Křoví;49.3102;16.2566
Křtiny;49.3119;16.7504
Křtomil;49.4127;17.6296
Křtěnov;49.5422;16.4071
Křídla;49.5299;16.1226
Křídlůvky;48.8035;16.2399
Křížkový Újezdec;49.9381;14.5854
Kšely;50.0440;14.8953
Kšice;49.8112;13.0014
Labská Stráň;50.8488;14.2322
Labské Chrčice;50.0530;15.3997
Labuty;49.0464;17.2106
Ladná;48.8040;16.8724
Lahošť;50.6228;13.7658
Lampertice;50.6644;15.9426
Lančov;48.9193;15.7690
Lanškroun;49.9183;16.6126
Lanžhot;48.6890;16.9537
Lanžov;50.3803;15.7556
Lavičky;49.3846;15.9748
Lavičné;49.6432;16.4488
Lazinov;49.5697;16.5264
Lazníky;49.5249;17.4643
Lazníčky;49.5503;17.4589
Lazsko;49.6291;14.0051
Lačnov;49.1887;18.0149
Laškov;49.5949;16.9808
Lašovice;50.0572;13.7814
Lažany;49.3618;16.5500
Lažany;49.3628;13.8887
Lažany;50.6068;15.1097
Lažiště;49.0405;13.9170
Lažánky;49.2881;16.3888
Lažánky;49.3955;13.8369
Lechotice;49.2797;17.5763
Lechovice;48.8698;16.2228
Ledce;49.0478;16.5639
Ledce;49.8219;13.3270
Ledce;50.1997;14.0114
Ledce;50.2234;16.0421
Ledce;50.3559;15.0762
Ledenice;48.9345;14.6055
Ledeč nad Sázavou;49.7040;15.2704
Ledečko;49.8461;14.9327
Lednice;48.8095;16.8098
Ledvice;50.5884;13.7561
Ledčice;50.3416;14.2923
Lejšovka;50.2972;15.9424
Lelekovice;49.2957;16.5756
Lenešice;50.3785;13.7545
Lenora;48.9407;13.8013
Leskovec nad Moravicí;49.9050;17.5853
Leskovec;49.2879;17.9941
Leskovice;49.4346;15.0836
Lesnice;49.8805;16.9447
Lesná;48.9086;15.8713
Lesná;49.1755;15.6812
Lesná;49.5197;15.0564
Lesná;49.7468;12.4992
Lesní Hluboké;49.2729;16.3062
Lesní Jakubov;49.2055;16.2432
Lesonice;49.0018;16.3141
Lesonice;49.1166;15.7445
Lestkov;49.8821;12.8638
Lesůňky;49.1135;15.8433
Letiny;49.5404;13.4605
Letkov;49.7339;13.4664
Letohrad;50.0325;16.5225
Letonice;49.1808;16.9633
Letovice;49.5560;16.5760
Lety;49.5208;14.1048
Lety;49.9253;14.2397
Levín;50.6172;14.2914
Levínská Olešnice;50.5342;15.5239
Lešany;49.4999;17.0165
Lešany;49.8411;14.5126
Lešetice;49.6462;14.0173
Leškovice;49.7638;15.5374
Lešná;49.5188;17.9501
Leština u Světlé;49.7654;15.3778
Leština;49.8677;16.1153
Leština;49.8712;16.9267
Leštinka;49.8469;15.9642
Lhenice;49.0020;14.1582
Lhota Rapotina;49.4692;16.6293
Lhota pod Hořičkami;50.4296;15.9915
Lhota pod Libčany;50.1687;15.7004
Lhota pod Radčem;49.8269;13.7100
Lhota u Lysic;49.4671;16.4871
Lhota u Olešnice;49.5491;16.3853
Lhota u Příbramě;49.7187;13.9850
Lhota u Vsetína;49.3142;17.9498
Lhota-Vlasenice;49.3022;15.1281
Lhota;49.1706;17.6072
Lhota;49.4985;17.6182
Lhota;50.0906;13.9802
Lhota;50.2340;14.6669
Lhotice;49.0246;15.6023
Lhotka nad Labem;50.5342;14.0307
Lhotka u Litultovic;49.8762;17.7291
Lhotka u Radnic;49.8924;13.5773
Lhotka;49.2079;15.3758
Lhotka;49.5020;17.4067
Lhotka;49.5851;16.0120
Lhotka;49.5952;18.3012
Lhotka;49.8345;13.9906
Lhotka;50.3693;14.5539
Lhotky;50.3915;15.0616
Lhotsko;49.2099;17.8851
Lhoty u Potštejna;50.0612;16.2753
Lhánice;49.1089;16.2250
Lhůta;49.7015;13.5189
Libavské Údolí;50.1243;12.5526
Libavá;49.6738;17.5247
Libchavy;50.0021;16.4098
Libchyně;50.3573;16.1928
Libecina;49.8831;16.1158
Libel;50.1569;16.2033
Libenice;49.9901;15.2605
Liberec;50.7611;15.0595
Liberk;50.2350;16.3682
Libeř;49.9279;14.4817
Libež;49.7566;14.9131
Libhošť;49.6311;18.0665
Libice nad Cidlinou;50.1226;15.1783
Libice nad Doubravou;49.7583;15.7292
Libina;49.8820;17.0750
Libiš;50.2786;14.5042
Libišany;50.1583;15.7617
Libkov;49.3672;13.1339
Libkov;49.8421;15.7542
Libkova Voda;49.3744;15.1877
Libkovice pod Řípem;50.3972;14.3498
Liblice;50.3215;14.5832
Liblín;49.9057;13.5498
Libníkovice;50.2498;15.9825
Libníč;49.0220;14.5465
Libochovany;50.5692;14.0520
Libochovice;50.4070;14.0430
Libochovičky;50.1729;14.2342
Libodřice;50.0099;15.0842
Libomyšl;49.8750;14.0054
Liboměřice;49.8681;15.7361
Libotenice;50.4838;14.2193
Libotov;50.4023;15.8040
Libouchec;50.7492;14.0231
Libovice;50.2407;13.9979
Libočany;50.3338;13.5001
Libořice;50.2570;13.5224
Liboš;49.7040;17.2163
Libošovice;50.4957;15.1567
Librantice;50.2373;15.9604
Libuň;50.4959;15.2956
Libušín;50.1672;14.0539
Libá;50.1203;12.2396
Libáň;50.3640;15.2113
Libín;48.9648;14.6762
Libčany;50.1931;15.6846
Libčeves;50.4556;13.8344
Libčice nad Vltavou;50.1938;14.3482
Liběchov;50.4245;14.4401
Libědice;50.3144;13.3947
Libějice;49.3750;14.6234
Libějovice;49.1070;14.2094
Libětice;49.2199;13.8607
Liběšice;50.2800;13.6157
Liběšice;50.5824;14.2600
Libňatov;50.4825;16.0027
Libřice;50.2913;15.9598
Libštát;50.5622;15.4225
Lichkov;50.0925;16.6632
Lichnov;49.5617;18.1775
Lichnov;50.0159;17.6240
Lichoceves;50.1609;14.2807
Licibořice;49.8738;15.7771
Lidečko;49.2171;18.0452
Lidice;50.1368;14.1813
Lidmaň;49.3831;15.0274
Linhartice;49.7635;16.6976
Lipec;50.0880;15.3511
Lipina;49.7520;17.3299
Lipinka;49.8361;17.0528
Lipnice nad Sázavou;49.6111;15.4198
Lipno nad Vltavou;48.6474;14.2169
Lipno;50.3083;13.6855
Lipník nad Bečvou;49.5460;17.5904
Lipník;49.1405;15.9481
Lipník;50.2738;14.9037
Lipoltice;49.9855;15.5563
Lipov;48.9156;17.4654
Lipovec;49.3929;16.8003
Lipovec;49.9157;15.5450
Lipovice;49.0984;13.9906
Lipová-lázně;50.2201;17.1036
Lipová;49.1171;17.8821
Lipová;49.4174;17.6186
Lipová;49.5250;16.8693
Lipová;50.0253;12.4522
Lipová;51.0218;14.3544
Liptaň;50.2233;17.5900
Liptál;49.3007;17.9157
Lipí;48.9473;14.3621
Lipůvka;49.3506;16.5654
Lisov;49.6373;13.0944
Litenčice;49.1905;17.2171
Liteň;49.9036;14.1551
Litichovice;49.7806;14.8479
Litoboř;50.4493;16.0094
Litobratřice;48.8794;16.4079
Litochovice;49.1679;13.9437
Litohlavy;49.7692;13.5629
Litohoř;49.0685;15.7661
Litohošť;49.4492;15.0889
Litomyšl;49.8789;16.3220
Litoměřice;50.5369;14.1363
Litostrov;49.2252;16.3326
Litovany;49.0620;16.0416
Litovel;49.6920;17.0627
Litošice;49.9904;15.5020
Litultovice;49.8982;17.7411
Litvínov;50.5943;13.6002
Litvínovice;48.9611;14.4388
Litíč;50.3714;15.8428
Lično;50.1776;16.1574
Lišany;50.1496;13.7362
Lišany;50.3465;13.6363
Lišice;50.1879;15.4109
Lišnice;50.4489;13.6259
Lišov;49.0409;14.6034
Lkáň;50.4447;13.9699
Lnáře;49.4613;13.7880
Lobendava;51.0325;14.3124
Lobeč;50.4602;14.6629
Lobodice;49.3977;17.2920
Lochenice;50.2760;15.8200
Lochousice;49.6785;13.0796
Lochovice;49.8474;13.9713
Lodhéřov;49.2197;14.9559
Lodín;50.2675;15.6077
Loděnice;49.0166;16.4536
Loděnice;49.9926;14.1618
Loket;49.6597;15.1166
Loket;50.1780;12.7668
Lom u Tachova;49.8189;12.6908
Lom;49.3653;14.6315
Lom;49.4175;13.9833
Lom;50.6203;13.6433
Lomec;49.3738;13.2594
Lomnice nad Lužnicí;49.0818;14.7227
Lomnice nad Popelkou;50.5287;15.3564
Lomnice;49.4018;16.4151
Lomnice;49.8974;17.4281
Lomnice;50.2164;12.6194
Lomnička;49.3706;16.4287
Lomy;49.0721;15.6003
Lopeník;48.9381;17.7863
Losiná;49.6685;13.4481
Loucká;50.3328;14.2266
Louka u Litvínova;50.5883;13.6340
Louka;48.9270;17.4845
Louka;49.5218;16.4350
Loukov;49.4209;17.7189
Loukov;50.5700;15.0358
Loukovec;50.5641;15.0087
Loukovice;49.1367;15.7867
Louny;50.3695;13.7926
Loučany;49.6056;17.1018
Loučeň;50.2819;15.0310
Loučim;49.3746;13.1146
Loučka;49.1670;17.8710
Loučka;49.4425;17.8387
Loučka;49.6594;16.9939
Loučky;50.6191;15.2161
Loučná nad Desnou;50.0931;17.1187
Loučná pod Klínovcem;50.4130;12.9964
Loučovice;48.6117;14.2512
Louňovice pod Blaníkem;49.6396;14.8574
Louňovice;49.9829;14.7646
Louňová;49.5599;13.6076
Loužnice;50.6855;15.2636
Lovečkovice;50.6347;14.2530
Lovosice;50.5107;14.0586
Lovčice;49.0740;17.0606
Lovčice;50.1650;15.3794
Lovčičky;49.0694;16.8468
Lovčovice;48.9814;15.5419
Loza;49.9028;13.2898
Lozice;49.9182;16.0206
Ločenice;48.8215;14.5424
Lošany;49.9960;15.1205
Loštice;49.7446;16.9101
Lubenec;50.1325;13.3070
Lubnice;48.9438;15.6098
Lubná;49.2177;17.3950
Lubná;49.7766;16.2000
Lubná;50.0777;13.7072
Lubné;49.3551;16.2763
Lubník;49.8969;16.6738
Luboměř pod Strážnou;49.6880;17.6625
Luboměř;49.6811;17.7097
Luby;50.2588;12.4139
Lubě;49.3939;16.5247
Luběnice;49.5764;17.1229
Ludgeřovice;49.8896;18.2470
Ludkovice;49.1287;17.7313
Ludmírov;49.6509;16.8649
Ludslavice;49.3000;17.5342
Ludvíkov;50.1035;17.3137
Ludvíkovice;50.8071;14.2489
Ludíkov;49.4555;16.7333
Luhačovice;49.0933;17.7773
Luka nad Jihlavou;49.3789;15.6932
Luka;50.5150;14.6558
Lukavec u Hořic;50.4049;15.6158
Lukavec;49.5596;14.9723
Lukavec;50.4977;14.0858
Lukavice;49.8265;16.8970
Lukavice;49.8815;15.8368
Lukavice;50.0583;16.4847
Lukavice;50.2106;16.3042
Lukov;48.8593;15.9050
Lukov;49.0761;15.8231
Lukov;49.3012;17.7317
Lukov;50.5203;13.8762
Lukovany;49.1694;16.2875
Lukoveček;49.3218;17.6693
Luková;49.8681;16.5975
Luká;49.6639;16.9348
Luleč;49.2550;16.9300
Lupenice;50.1324;16.2775
Lutonina;49.2432;17.8901
Lutopecny;49.3026;17.3371
Lutín;49.5535;17.1270
Lučany nad Nisou;50.7581;15.2033
Lučice;49.6638;15.4977
Lučina;49.7146;18.4578
Luštěnice;50.3284;14.9304
Lužany;49.5427;13.3075
Lužany;50.3411;15.7918
Lužany;50.4326;15.4695
Lužce;49.9822;14.1955
Luže;49.8896;16.0341
Lužec nad Cidlinou;50.2112;15.4215
Lužec nad Vltavou;50.3343;14.4053
Luženičky;49.4687;12.8939
Lužice;48.8448;17.0662
Lužice;49.0313;14.2030
Lužice;49.7202;17.2548
Lužice;50.4926;13.7431
Lužnice;49.0663;14.7584
Lužná;49.2408;18.0334
Lužná;50.1315;13.7789
Lysice;49.4551;16.5326
Lysovice;49.2145;16.9706
Lysá nad Labem;50.2028;14.8228
Lánov;50.6332;15.6537
Lány u Dašic;50.0438;15.8851
Lány;49.7594;15.7160
Lány;49.9457;15.7342
Lány;50.1108;13.9304
Lásenice;49.0706;14.9717
Láz;49.0059;15.7946
Láz;49.6513;13.9071
Lázně Bohdaneč;50.0841;15.6741
Lázně Bělohrad;50.4368;15.5691
Lázně Kynžvart;50.0277;12.6362
Lázně Libverda;50.8875;15.2274
Lázně Toušeň;50.1654;14.7156
Lážovice;49.8598;14.0708
Líbeznice;50.1968;14.4942
Líně;49.6996;13.2736
Lípa nad Orlicí;50.1457;16.1014
Lípa;49.1941;17.7785
Lípa;49.5567;15.5355
Lísek;49.5846;16.1720
Lískovice;50.3389;15.5465
Líský;50.2509;13.9280
Líté;49.9149;13.2510
Líšina;49.6035;13.1657
Líšnice;49.7640;16.8609
Líšnice;49.8954;14.3200
Líšnice;50.0859;16.5218
Líšná;49.4090;17.5503
Líšná;49.6378;16.1353
Líšná;49.8938;13.8029
Líšný;50.6474;15.2151
Líšťany;49.8168;13.1707
Líšťany;50.3200;13.7898
Lčovice;49.1185;13.8547
Lštění;49.8666;14.7302
Machov;50.5014;16.2803
Machová;49.2535;17.5427
Mackovice;48.8973;16.3075
Mahouš;49.0457;14.2574
Majdalena;48.9721;14.8411
Majetín;49.5086;17.3273
Makotřasy;50.1456;14.2162
Makov;49.5213;16.4835
Makov;49.8591;16.1904
Malenice;49.1223;13.8764
Malenovice;49.5703;18.4072
Maletín;49.8080;16.7853
Maleč;49.7683;15.6948
Malečov;50.6204;14.1270
Malešov;49.9039;15.2109
Malešovice;49.0299;16.4922
Malhostovice;49.3365;16.5197
Malhotice;49.4931;17.7618
Malinová;50.0485;13.6638
Malonty;48.6807;14.5899
Malotice;49.9549;14.9560
Malovice;49.0887;14.2059
Malá Bystřice;49.4008;18.0600
Malá Hraštice;49.8072;14.2840
Malá Lhota;49.3915;16.5443
Malá Losenice;49.6017;15.8067
Malá Morava;50.1059;16.8600
Malá Morávka;50.0450;17.2829
Malá Roudka;49.6079;16.6368
Malá Skála;50.6530;15.1890
Malá Veleň;50.7499;14.2706
Malá Vrbka;48.8745;17.4535
Malá Víska;49.7527;13.8718
Malá Úpa;50.7255;15.7954
Malá Štáhle;49.9604;17.3458
Malé Březno;50.4881;13.5610
Malé Březno;50.6658;14.1846
Malé Hradisko;49.4960;16.8800
Malé Kyšice;50.0610;14.0739
Malé Přítočno;50.1089;14.1301
Malé Svatoňovice;50.5351;16.0628
Malé Výkleky;50.1191;15.5335
Malé Žernoseky;50.5404;14.0368
Malíkov;49.7294;16.6780
Malíkovice;50.2133;13.9765
Malínky;49.1594;17.1605
Malíč;50.5442;14.0809
Malý Beranov;49.4002;15.6380
Malý Bor;49.3223;13.6540
Malý Újezd;50.3233;14.5488
Malčín;49.6866;15.4882
Malšice;49.3545;14.5830
Malšovice;50.7291;14.1442
Malšín;48.6885;14.2842
Mankovice;49.6365;17.8915
Manětín;50.0068;13.2311
Mariánské Lázně;49.9875;12.6878
Mariánské Radčice;50.5762;13.6739
Markvartice;49.1828;15.6230
Markvartice;49.2031;15.7635
Markvartice;50.4268;15.2018
Markvartice;50.7802;14.3523
Markvartovice;49.9149;18.2305
Martinice u Onšova;49.5939;15.1147
Martinice v Krkonoších;50.5795;15.5356
Martinice;49.3054;17.6019
Martinice;49.3737;16.0432
Martiněves;50.3695;14.1501
Martínkov;49.1077;15.7057
Martínkovice;50.5448;16.3268
Maršov u Úpice;50.4871;15.9733
Maršov;49.2788;16.3555
Maršovice;49.7271;14.5727
Maršovice;50.6972;15.2007
Masojedy;50.0243;14.7715
Mastník;49.1767;15.8233
Matějov;49.5367;15.8801
Mazelov;49.0978;14.6271
Mačkov;49.4054;13.8742
Maňovice;49.3894;13.6495
Mařenice;50.8165;14.6623
Mašovice;48.8646;15.9752
Mašťov;50.2556;13.2702
Mažice;49.2136;14.6129
Mcely;50.3004;15.0641
Meclov;49.5015;12.9052
Medlice;49.0031;16.1346
Medlov;49.0379;16.5367
Medlov;49.7822;17.0416
Medlovice;49.0542;17.2741
Medlovice;49.2775;17.0954
Medonosy;50.4871;14.4889
Medový Újezd;49.7592;13.7236
Melč;49.8444;17.7551
Menhartice;48.9929;15.5482
Merboltice;50.6888;14.3480
Merklín;49.5604;13.1874
Merklín;50.3398;12.8427
Metylovice;49.6062;18.3285
Mezholezy;49.4091;13.1032
Mezholezy;49.6267;12.9080
Meziboří;50.6322;13.5928
Mezihoří;49.4878;13.2480
Mezilesí;49.5443;14.9485
Mezilesí;50.3614;16.2145
Mezilečí;50.4636;15.9751
Meziměstí;50.6459;16.2672
Mezina;49.9501;17.4822
Meziříčko;49.1140;15.6571
Meziříčko;49.4057;15.8172
Meziříčí;49.4348;14.5661
Mezno;49.5304;14.6439
Mezná;49.2626;14.7991
Mezná;49.3496;15.2169
Mezouň;50.0026;14.2130
Mečeříž;50.2859;14.7334
Mečichov;49.3485;13.7925
Mešno;49.6570;13.6164
Michalovice;49.5769;15.5266
Michalovice;50.5380;14.0845
Mikolajice;49.8795;17.7800
Mikuleč;49.8100;16.4369
Mikulov;48.8184;16.6614
Mikulov;50.7047;13.7115
Mikulovice;48.9632;16.1024
Mikulovice;49.1647;15.8431
Mikulovice;49.9892;15.7702
Mikulovice;50.2753;17.2936
Mikulášovice;50.9624;14.3606
Mikulčice;48.8224;17.0497
Mikulůvka;49.4140;17.8986
Milasín;49.4679;16.2320
Milavče;49.4670;12.9894
Milejovice;49.1889;13.9339
Milenov;49.5720;17.6683
Miletín;50.4090;15.6694
Milevsko;49.4631;14.3455
Mileč;49.4598;13.6137
Milešov;49.5933;14.2063
Milešovice;49.0876;16.8489
Milešín;49.3655;16.2005
Milhostov;50.1611;12.4617
Miličín;49.5666;14.6785
Milonice;49.1751;17.0557
Milonice;49.3691;16.5640
Milostín;50.1946;13.6538
Milotice nad Bečvou;49.5375;17.8373
Milotice nad Opavou;49.9858;17.5315
Milotice;48.9553;17.1287
Milovice u Hořic;50.3308;15.6319
Milovice;48.8530;16.7055
Milovice;50.2342;14.8807
Miloňovice;49.2149;13.9492
Milíkov;49.5829;18.6995
Milíkov;50.0658;12.5437
Milín;49.6462;14.0658
Milínov;49.6640;13.5721
Milíčov;49.4013;15.3919
Milíčovice;48.9048;15.9355
Milíře;49.7865;12.5316
Milý;50.2332;13.8535
Milčice;50.1134;14.9829
Mimoň;50.6575;14.7287
Minice;49.4815;14.0016
Mirkovice;48.8132;14.3742
Miroslav;48.9439;16.3226
Miroslavské Knínice;48.9811;16.3280
Mirotice;49.4206;14.0212
Mirovice;49.5271;14.0291
Mirošov;49.3933;15.4542
Mirošov;49.4645;16.1549
Mirošov;49.6922;13.6508
Mirošovice;49.9154;14.7034
Miskovice;49.9506;15.2293
Mistrovice;50.0306;16.5727
Mistřice;49.0783;17.5402
Mičovice;48.9848;14.1137
Miřejovice;50.5596;14.1022
Miřetice;49.6589;14.9723
Miřetice;49.8356;15.8705
Mišovice;49.4953;13.9855
Mladecko;49.9075;17.7091
Mladeč;49.7120;17.0212
Mladkov;50.0949;16.6230
Mladotice;49.9899;13.3490
Mladoňovice;49.0065;15.6439
Mladoňovice;49.8919;15.7283
Mladošovice;48.9367;14.6986
Mladá Boleslav;50.4196;14.8945
Mladá Vožice;49.5287;14.8070
Mladé Buky;50.6183;15.8387
Mladé Bříště;49.4951;15.3348
Mladý Smolivec;49.5245;13.7400
Mladějov na Moravě;49.8218;16.5886
Mladějov;50.4852;15.2261
Mladějovice;49.7512;17.2275
Mlečice;49.9195;13.6873
Mlázovice;50.4099;15.5181
Mlékojedy;50.5200;14.1139
Mlékosrby;50.1911;15.5139
Mlýnské Struhadlo;49.4355;13.4737
Mlýny;49.3384;14.8765
Mnetěš;50.3631;14.2765
Mnich;49.3073;14.9775
Mnichov;49.3068;13.8292
Mnichov;49.4843;12.7344
Mnichov;50.0190;12.7649
Mnichovice;49.6709;15.0439
Mnichovice;49.9385;14.7147
Mnichovo Hradiště;50.5210;14.9978
Mníšek pod Brdy;49.8690;14.2617
Mníšek;50.8331;15.0869
Mochov;50.1427;14.8001
Mochtín;49.3574;13.3653
Modlany;50.6408;13.8939
Modletice;49.9711;14.6013
Modlíkov;49.6152;15.7723
Modrava;49.0063;13.4765
Modrá Hůrka;49.1805;14.5247
Modrá;49.1150;17.3980
Modřice;49.1284;16.6197
Modřišice;50.5736;15.1184
Modřovice;49.6167;13.9555
Mohelnice nad Jizerou;50.5646;14.9637
Mohelnice;49.4816;13.6430
Mohelnice;49.7897;16.9033
Mohelno;49.1192;16.1755
Mojné;48.8350;14.3957
Mokošín;50.0152;15.5677
Mokrosuky;49.2758;13.4584
Mokrouše;49.7166;13.5362
Mokrovousy;50.2730;15.6778
Mokrovraty;49.7934;14.2297
Mokrá-Horákov;49.2204;16.7327
Mokré Lazce;49.8976;18.0213
Mokré;50.2600;16.0645
Mokrý Lom;48.8454;14.5228
Moldava;50.6977;13.6852
Moravany;49.0643;17.1819
Moravany;49.1489;16.5720
Moravany;50.0019;15.9611
Moravec;49.4444;16.1420
Moravecké Pavlovice;49.4288;16.2430
Moraveč;49.4075;15.0773
Moravice;49.8574;17.7133
Moravičany;49.7556;16.9594
Moravskoslezský Kočov;49.9594;17.4317
Moravská Nová Ves;48.7982;17.0366
Moravská Třebová;49.7462;16.6193
Moravské Bránice;49.0945;16.4262
Moravské Budějovice;49.0486;15.7888
Moravské Knínice;49.2876;16.4935
Moravské Málkovice;49.2590;17.0900
Moravský Beroun;49.8174;17.4510
Moravský Krumlov;49.0441;16.3370
Moravský Písek;48.9959;17.3335
Moravský Žižkov;48.8186;16.9324
Morašice;48.9560;16.2027
Morašice;49.8620;16.2369
Morašice;49.9149;15.7079
Morašice;50.0049;15.4896
Morkovice-Slížany;49.2448;17.2194
Morkůvky;48.9639;16.8637
Morávka;49.5718;18.5529
Mostek;50.0122;16.2591
Mostek;50.4923;15.7051
Mostkovice;49.4740;17.0459
Mosty u Jablunkova;49.5282;18.7406
Mouchnice;49.1102;17.1211
Moutnice;49.0546;16.7330
Mouřínov;49.1053;16.9930
Močerady;49.5077;13.0758
Močovice;49.9063;15.3475
Mořice;49.3247;17.1973
Mořina;49.9615;14.2160
Mořinka;49.9431;14.2351
Mořkov;49.5336;18.0634
Mošnov;49.6876;18.1240
Mratín;50.2044;14.5494
Mrač;49.8260;14.6924
Mrlínek;49.4255;17.6823
Mrsklesy;49.6084;17.4013
Mrtník;49.8952;13.3118
Mrzky;50.0450;14.8030
Mrákotín;49.1975;15.3625
Mrákotín;49.8104;15.9487
Mrákov;49.3885;12.9640
Mukařov;49.9936;14.7486
Mukařov;50.5770;14.9126
Mutkov;49.8084;17.2861
Mutějovice;50.2055;13.7096
Mutěnice;48.9060;17.0087
Mutěnice;49.2411;13.8879
Mutěnín;49.5452;12.7209
Mydlovary;49.0870;14.3488
Myslejovice;49.4100;17.0291
Mysletice;49.1441;15.3901
Mysletín;49.4798;15.3733
Mysliboř;49.2145;15.4768
Myslibořice;49.1137;15.9666
Myslinka;49.7453;13.2164
Myslkovice;49.3007;14.7523
Myslovice;49.4049;13.3935
Mysločovice;49.2584;17.5624
Myslín;49.5355;14.0219
Myslív;49.4156;13.5857
Myštice;49.4641;13.9783
Myštěves;50.3036;15.5569
Málkov;49.8905;14.0171
Málkov;50.4495;13.3074
Máslojedy;50.2950;15.7560
Máslovice;50.2144;14.3740
Míchov;49.5262;16.6020
Mírov;49.7889;16.8325
Mírová pod Kozákovem;50.5932;15.2180
Mírová;50.2340;12.7688
Místo;50.4441;13.2710
Míčov-Sušice;49.9053;15.6032
Mířkov;49.6039;12.8831
Míškovice;49.2747;17.5472
Míšov;49.6202;13.7384
Mýto;49.7813;13.7516
Měchenice;49.9093;14.3833
Měcholupy;49.5249;13.5471
Měcholupy;50.2504;13.5543
Měděnec;50.4204;13.1096
Měkynec;49.1611;14.0212
Mělnické Vtelno;50.3521;14.6803
Mělník;50.3722;14.4860
Mělčany;49.0792;16.4931
Měník;50.2100;15.5334
Měnín;49.0639;16.6909
Měrotín;49.6954;17.0018
Měrovice nad Hanou;49.3548;17.2431
Měrunice;50.4845;13.8063
Městec Králové;50.2086;15.2962
Městečko Trnávka;49.7182;16.7517
Městečko;50.0648;13.8707
Město Albrechtice;50.1688;17.5399
Město Libavá;49.7381;17.5212
Město Touškov;49.7790;13.2507
Měčín;49.4715;13.4060
Měňany;49.9141;14.1029
Měřín;49.3891;15.8700
Měšice;50.1993;14.5273
Měšín;49.4377;15.6478
Mříčná;50.6010;15.4717
Mšec;50.1997;13.8991
Mšecké Žehrovice;50.1780;13.9148
Mšeno;50.4514;14.6209
Mšené-lázně;50.3687;14.0946
Mžany;50.2941;15.6612
Nabočany;49.9483;15.8849
Nadryby;49.8218;13.4986
Nadějkov;49.5112;14.4753
Nadějov;49.4270;15.7788
Nahořany;50.3517;16.0787
Nahošovice;49.4394;17.5693
Naloučany;49.2451;16.1357
Nalžovice;49.7085;14.3692
Nalžovské Hory;49.3450;13.5456
Napajedla;49.1704;17.5136
Narysov;49.6441;13.9698
Nasavrky;49.4534;14.6278
Nasavrky;49.8445;15.8202
Nasavrky;50.0249;16.2616
Načeradec;49.5831;14.9105
Načešice;49.9364;15.6083
Našiměřice;48.9652;16.3737
Nebahovy;49.0118;14.0627
Nebanice;50.1274;12.4699
Nebovidy;49.1435;16.5434
Nebovidy;49.9986;15.2267
Nebužely;50.4014;14.5891
Nebílovy;49.6351;13.4239
Nebřehovice;49.2367;13.9578
Nechanice;50.2531;15.6287
Nechvalice;49.5615;14.4236
Nechvalín;49.0516;17.0743
Nedabyle;48.9242;14.5082
Nedachlebice;49.0942;17.5941
Nedakonice;49.0314;17.3780
Nedašov;49.1039;18.0844
Nedašova Lhota;49.1280;18.0893
Nedomice;50.2659;14.6040
Nedrahovice;49.6113;14.4483
Nedvědice;49.4596;16.3249
Nedvězí;49.6299;16.2934
Neděliště;50.2789;15.7808
Nehodiv;49.4118;13.5483
Nehvizdy;50.1308;14.7350
Nejdek;50.3250;12.7322
Nejepín;49.7357;15.6091
Nekmíř;49.8620;13.2520
Nekoř;50.0643;16.5619
Nekvasovy;49.4330;13.6293
Nelahozeves;50.2705;14.2916
Nelepeč-Žernůvka;49.3431;16.3741
Nelešovice;49.5134;17.3944
Nemanice;49.4542;12.7074
Nemile;49.8662;16.8347
Nemochovice;49.1933;17.1343
Nemojany;49.2471;16.9165
Nemojov;50.4752;15.7622
Nemotice;49.1309;17.1261
Nemyslovice;50.3563;14.7682
Nemyčeves;50.3868;15.3606
Nemyšl;49.5155;14.6866
Nenačovice;50.0209;14.1434
Nenkovice;48.9916;16.9999
Neplachov;49.1288;14.5958
Neplachovice;49.9867;17.8032
Nepolisy;50.1966;15.4593
Nepomuk;49.4860;13.5720
Nepomuk;49.6656;13.8412
Nepomyšl;50.2166;13.2957
Nepoměřice;49.8795;15.1499
Neprobylice;50.2681;14.0317
Nepřevázka;50.3763;14.9077
Neratov;50.0782;15.6437
Neratovice;50.2544;14.4984
Nerestce;49.4990;14.0638
Neslovice;49.1424;16.3936
Nesovice;49.1487;17.0869
Nespeky;49.8557;14.6460
Nestrašovice;49.5603;14.0196
Nesuchyně;50.1762;13.6790
Nesvačilka;49.0658;16.7546
Nesvačily;49.8836;14.1224
Netolice;49.0501;14.1797
Netunice;49.6124;13.4298
Netvořice;49.8100;14.5144
Netín;49.4202;15.9499
Netřebice;48.7931;14.4631
Netřebice;50.2155;15.1546
Neubuz;49.2636;17.8348
Neumětely;49.8636;14.0323
Neuměř;49.6065;13.0721
Neuměřice;50.2480;14.2224
Neurazy;49.4617;13.5131
Neustupov;49.6116;14.7046
Nevcehle;49.2302;15.5297
Neveklov;49.7668;14.5114
Neveklovice;50.5736;14.9421
Nevid;49.6894;13.6162
Nevojice;49.1330;17.0533
Nevolice;49.4175;12.9302
Nevratice;50.3465;15.4826
Nevězice;49.4705;14.1389
Nevřeň;49.8276;13.2781
Nezabudice;50.0198;13.8140
Nezabylice;50.4183;13.4873
Nezamyslice;49.2656;13.6658
Nezamyslice;49.3261;17.1619
Nezbavětice;49.6634;13.4727
Nezdenice;49.0128;17.7574
Nezdice na Šumavě;49.1732;13.6064
Nezdice;49.5287;13.3339
Nezdřev;49.4315;13.7296
Nezvěstice;49.6426;13.5197
Nečtiny;49.9611;13.1504
Nečín;49.7050;14.2214
Nicov;49.1214;13.6035
Nihošovice;49.1890;13.8481
Nikolčice;49.0149;16.7269
Nimpšov;49.0217;15.7422
Niměřice;50.3973;14.7931
Niva;49.4464;16.8432
Nivnice;48.9760;17.6527
Nišovice;49.1500;13.8818
Nižbor;50.0027;13.9962
Nižní Lhoty;49.6537;18.4500
Norberčany;49.7739;17.4931
Nosislav;49.0146;16.6473
Nosálov;50.4725;14.6570
Noviny pod Ralskem;50.6921;14.7548
Novosedlice;50.6618;13.8177
Novosedly nad Nežárkou;49.0806;14.8195
Novosedly;48.8328;16.5131
Novosedly;49.2602;13.7904
Nová Buková;49.3453;15.2956
Nová Bystřice;49.0400;15.1448
Nová Cerekev;49.4051;15.1173
Nová Dědina;49.2141;17.4420
Nová Hradečná;49.8462;17.0859
Nová Lhota;48.8639;17.6029
Nová Olešná;49.1729;15.1519
Nová Paka;50.4826;15.5238
Nová Pec;48.7983;13.8906
Nová Pláň;49.9220;17.4714
Nová Role;50.2689;12.7881
Nová Sídla;49.8809;16.2395
Nová Telib;50.3908;15.0283
Nová Ves I;50.0567;15.1535
Nová Ves nad Lužnicí;48.8119;14.9228
Nová Ves nad Nisou;50.7214;15.2171
Nová Ves nad Popelkou;50.5158;15.4114
Nová Ves pod Pleší;49.8338;14.2696
Nová Ves u Bakova;50.5031;14.9190
Nová Ves u Chotěboře;49.7487;15.6491
Nová Ves u Chýnova;49.3941;14.7770
Nová Ves u Jarošova;49.8379;16.1578
Nová Ves u Leštiny;49.7892;15.3964
Nová Ves u Mladé Vožice;49.5358;14.7278
Nová Ves u Nového Města na Moravě;49.5344;16.0874
Nová Ves u Světlé;49.6512;15.4328
Nová Ves v Horách;50.5915;13.4810
Nová Ves;48.9215;14.5377
Nová Ves;48.9505;14.2408
Nová Ves;49.1126;16.3009
Nová Ves;49.1878;13.7204
Nová Ves;49.2539;15.8006
Nová Ves;49.3591;13.0349
Nová Ves;49.3972;16.1920
Nová Ves;49.6886;13.2863
Nová Ves;50.0674;12.7908
Nová Ves;50.1298;16.0361
Nová Ves;50.2155;14.5352
Nová Ves;50.2907;13.8306
Nová Ves;50.3063;14.3130
Nová Ves;50.8351;15.0104
Nová Včelnice;49.2285;15.0697
Nová Říše;49.1431;15.5609
Nové Bránice;49.0658;16.4284
Nové Dvory;49.5630;15.8009
Nové Dvory;49.8076;14.3431
Nové Dvory;49.9765;15.3195
Nové Dvory;50.4413;14.1778
Nové Hamry;50.3807;12.6935
Nové Heřminovy;50.0326;17.5285
Nové Hrady;48.7976;14.8149
Nové Hrady;49.8485;16.1406
Nové Hutě;49.0413;13.6273
Nové Lublice;49.8621;17.6809
Nové Mitrovice;49.5878;13.6680
Nové Město na Moravě;49.5762;16.0683
Nové Město nad Metují;50.3498;16.1558
Nové Město pod Smrkem;50.9238;15.2127
Nové Město;50.1540;15.4946
Nové Sady;49.2898;16.1865
Nové Sady;49.4101;16.8999
Nové Sedlice;49.9058;17.9985
Nové Sedlo;50.2106;12.7279
Nové Sedlo;50.3337;13.4542
Nové Strašecí;50.1525;13.8987
Nové Syrovice;49.0120;15.7638
Nové Veselí;49.5209;15.9023
Nový Bor;50.7512;14.5574
Nový Bydžov;50.2340;15.4536
Nový Dvůr;50.2327;15.1087
Nový Dům;50.0890;13.8250
Nový Hrozenkov;49.3382;18.1949
Nový Hrádek;50.3691;16.2524
Nový Jimramov;49.6340;16.1736
Nový Jičín;49.5717;18.0057
Nový Jáchymov;49.9841;13.9479
Nový Knín;49.7734;14.2904
Nový Kostel;50.2034;12.4581
Nový Kramolín;49.4751;12.7849
Nový Malín;49.9437;17.0639
Nový Oldřichov;50.7627;14.4416
Nový Ples;50.3212;15.9478
Nový Poddvorov;48.8670;16.9672
Nový Přerov;48.8097;16.4951
Nový Rychnov;49.3835;15.3416
Nový Telečkov;49.3297;15.9353
Nový Vestec;50.1820;14.7046
Nový Šaldorf-Sedlešovice;48.8295;16.0471
Nošovice;49.6712;18.4444
Nupaky;49.9928;14.6023
Nučice;49.9610;14.8819
Nučice;50.0159;14.2174
Nyklovice;49.6034;16.3353
Nymburk;50.1815;15.0394
Náchod;50.4244;16.1768
Náklo;49.6615;17.1345
Nákří;49.1205;14.3245
Náměšť na Hané;49.6010;17.0544
Náměšť nad Oslavou;49.2136;16.1641
Nárameč;49.2659;15.9682
Násedlovice;49.0030;16.9621
Návojná;49.1124;18.0534
Návsí;49.5913;18.7581
Níhov;49.3505;16.2540
Nítkovice;49.2117;17.1582
Nížkov;49.5395;15.8049
Nížkovice;49.1169;16.8915
Nýdek;49.6524;18.7829
Nýrov;49.5235;16.5405
Nýrsko;49.2940;13.1555
Nýřany;49.7307;13.1960
Němčany;49.1686;16.9175
Němčice nad Hanou;49.3512;17.1961
Němčice;49.0302;14.2678
Němčice;49.1957;13.7964
Němčice;49.3569;17.4892
Němčice;49.4241;13.0709
Němčice;49.4466;16.7080
Němčice;49.8983;16.3709
Němčice;50.0836;15.2938
Němčice;50.0905;15.8004
Němčice;50.3471;14.9248
Němčičky;48.9377;16.8329
Němčičky;48.9455;16.0947
Němčičky;49.0533;16.5101
Němčovice;49.8780;13.5493
Němětice;49.1963;13.8811
Obecnice;49.7034;13.9023
Obora;49.4545;16.6068
Obora;49.8057;12.5121
Obora;49.8987;13.4230
Obora;50.3680;13.8744
Oborná;50.0044;17.5054
Obory;49.6817;14.1993
Obořiště;49.7499;14.1512
Obrataň;49.4175;14.9515
Obrnice;50.5122;13.6975
Obrubce;50.4480;15.0442
Obruby;50.4613;15.0822
Obytce;49.3944;13.3709
Obyčtov;49.5012;16.0159
Občov;49.7127;14.0669
Obědkovice;49.3925;17.2192
Obědovice;50.1597;15.5767
Obříství;50.3065;14.4717
Ochoz u Brna;49.2579;16.7403
Ochoz u Tišnova;49.4292;16.3853
Ochoz;49.6018;16.9120
Ocmanice;49.2270;16.1208
Odolena Voda;50.2337;14.4191
Odrava;50.0998;12.4815
Odrovice;49.0073;16.4944
Odry;49.6731;17.8237
Odunec;49.1247;16.0064
Odřepsy;50.1508;15.2068
Ohaveč;50.4502;15.3036
Ohaře;50.0998;15.2905
Ohařice;50.4479;15.2588
Ohnišov;50.3262;16.2075
Ohnišťany;50.3202;15.5197
Ohníč;50.5971;13.8241
Ohrazenice;49.7803;13.9475
Ohrazenice;50.6037;15.1233
Ohrobec;49.9464;14.4262
Ohrozim;49.4876;17.0150
Okarec;49.2035;16.0927
Okna;50.5262;14.6546
Okounov;50.3602;13.1357
Okoř;50.1639;14.2552
Okrouhlice;49.6305;15.4900
Okrouhlička;49.5372;15.5685
Okrouhlo;49.9178;14.4410
Okrouhlá Radouň;49.2405;15.0203
Okrouhlá;49.4199;14.3521
Okrouhlá;49.5101;16.7296
Okrouhlá;50.0649;12.4869
Okrouhlá;50.7713;14.5185
Okřesaneč;49.8497;15.4719
Okřešice;49.2696;15.8500
Okřínek;50.1727;15.1870
Okříšky;49.2471;15.7569
Olbramice;49.6148;16.9916
Olbramice;49.7909;18.0907
Olbramkostel;48.9325;15.9360
Olbramov;49.8530;12.8818
Olbramovice;48.9946;16.3713
Olbramovice;49.6738;14.6318
Oldřichov v Hájích;50.8527;15.0996
Oldřichov;49.4970;17.5409
Oldřichov;49.5599;14.7527
Oldřichovice;49.1789;17.5630
Oldřiš;49.7349;16.1874
Oldřišov;49.9830;17.9584
Oleksovice;48.9138;16.2594
Olešenka;49.5535;15.7709
Oleška;49.9687;14.9133
Oleško;50.4891;14.1943
Olešnice v Orlických horách;50.3663;16.3212
Olešnice;48.8387;14.7174
Olešnice;49.5654;16.4190
Olešnice;50.1414;15.4269
Olešnice;50.1576;16.1482
Olešnice;50.5496;15.1229
Olešná;49.3503;14.2941
Olešná;49.4411;15.2727
Olešná;49.6819;15.5431
Olešná;49.7823;13.8064
Olešná;50.1351;13.6946
Olešník;49.1189;14.3857
Olomouc;49.6026;17.2817
Olomučany;49.3318;16.6738
Olovnice;50.2417;14.2407
Oloví;50.2597;12.5451
Olšany u Prostějova;49.5377;17.1589
Olšany;49.1900;15.5591
Olšany;49.2634;16.8410
Olšany;49.4015;13.6259
Olšany;49.9613;16.8520
Olšovec;49.6034;17.7024
Olšovice;49.0632;14.2415
Olší;49.1600;15.3717
Olší;49.4154;16.3037
Omice;49.1761;16.4436
Omlenice;48.7326;14.4456
Ondratice;49.3605;17.0637
Ondřejov;49.3961;15.1837
Ondřejov;49.9135;14.7737
Onomyšl;49.9076;15.1212
Onšov;48.9095;15.8424
Onšov;49.5827;15.1401
Opatov;49.2280;15.6551
Opatov;49.4409;15.3833
Opatov;49.8345;16.4877
Opatovec;49.8019;16.4708
Opatovice I;49.8496;15.2451
Opatovice nad Labem;50.1533;15.7893
Opatovice;49.0774;16.6398
Opatovice;49.5061;17.7335
Opava;49.9242;17.9015
Opařany;49.4163;14.4819
Oplany;49.9288;14.8518
Oplocany;49.4086;17.2614
Oplot;49.5857;13.2722
Opolany;50.1296;15.2124
Oponešice;49.0428;15.6458
Opočnice;50.1766;15.2754
Opočno;50.2640;16.1025
Opočno;50.3128;13.7310
Oprostovice;49.4689;17.6198
Orel;49.9212;15.8491
Orlické Podhůří;49.9990;16.3274
Orlické Záhoří;50.2855;16.4482
Orličky;50.0399;16.6750
Orlovice;49.2393;17.0817
Orlová;49.8528;18.4291
Orlík nad Vltavou;49.4997;14.1632
Oráčov;50.1086;13.5499
Osek nad Bečvou;49.5088;17.5282
Osek;49.3191;13.9793
Osek;49.4464;14.3096
Osek;49.7843;13.5981
Osek;49.8283;13.8672
Osek;50.4619;15.1435
Osek;50.6468;13.6608
Oselce;49.4368;13.6827
Osečany;49.7046;14.4464
Oseček;50.1116;15.1418
Osečnice;50.2616;16.3095
Osečná;50.7048;14.9204
Osice;50.1458;15.6865
Osiky;49.4585;16.4022
Osičky;50.1458;15.6682
Oskava;49.9226;17.1360
Oskořínek;50.2389;15.0855
Oslavany;49.1376;16.3342
Oslavice;49.3378;15.9963
Oslavička;49.3238;15.9713
Oslnovice;48.9252;15.6952
Oslov;49.3962;14.2112
Osoblaha;50.2786;17.7024
Osov;49.8435;14.0894
Osová Bítýška;49.3337;16.1711
Osové;49.3263;16.0154
Ostašov;49.1519;15.9197
Ostopovice;49.1584;16.5458
Ostrata;49.2695;17.7635
Ostrava;49.8291;18.2412
Ostravice;49.5390;18.3908
Ostrolovský Újezd;48.8861;14.5884
Ostroměř;50.3634;15.5454
Ostrov nad Oslavou;49.4904;15.9876
Ostrov u Bezdružic;49.9018;13.0596
Ostrov u Macochy;49.3885;16.7467
Ostrov;49.6209;14.0209
Ostrov;49.6706;14.8544
Ostrov;49.6948;15.2997
Ostrov;49.9369;16.5388
Ostrov;49.9782;16.0299
Ostrov;50.3216;12.9564
Ostrovačice;49.2036;16.4206
Ostrovec-Lhotka;49.9237;13.7490
Ostrovec;49.4079;14.1374
Ostrovánky;49.0409;17.0800
Ostrožská Lhota;48.9712;17.4728
Ostrožská Nová Ves;49.0152;17.4338
Ostružno;50.4403;15.2814
Ostružná;50.1884;17.0566
Ostrá;50.1792;14.8987
Ostředek;49.8374;14.8299
Ostřetice;49.4275;13.3370
Ostřetín;50.0463;16.0410
Ostřešany;49.9925;15.8096
Osvračín;49.5113;13.0423
Osvětimany;49.0667;17.2415
Osík;49.8446;16.2812
Osíčko;49.4257;17.7536
Otaslavice;49.3857;17.0537
Otice;49.9118;17.8717
Otinoves;49.4192;16.8661
Otmarov;49.1084;16.6717
Otmíče;49.8705;13.9495
Otnice;49.0842;16.8109
Otov;49.4891;12.8477
Otovice;50.2603;12.8680
Otovice;50.5585;16.3772
Otradov;49.7980;16.0453
Otrokovice;49.2175;17.5402
Otročiněves;49.9832;13.9731
Otročín;50.0396;12.8898
Otvice;50.4781;13.4554
Otvovice;50.2136;14.2639
Otín;49.2737;15.5566
Otín;49.3648;15.8939
Otěšice;49.5468;13.2195
Ouběnice;49.7151;14.1537
Oucmanice;49.9917;16.2773
Oudoleň;49.6662;15.7556
Ovesná Lhota;49.7252;15.3777
Ovesné Kladruby;49.9590;12.7795
Ovčáry;50.0670;15.2426
Ovčáry;50.2561;14.5997
Oznice;49.4314;17.9289
Očelice;50.2388;16.0568
Očihov;50.1971;13.4547
Ořech;50.0072;14.3000
Ořechov;49.0256;17.2973
Ořechov;49.1150;16.5142
Ořechov;49.2021;15.5289
Ořechov;49.3562;16.1340
Ošelín;49.7677;12.8548
Paběnice;49.8424;15.3078
Pacetluky;49.3831;17.5695
Paceřice;50.6260;15.1101
Pacov;49.4820;14.9894
Palkovice;49.6285;18.2835
Palonín;49.7277;16.9595
Pamětice;49.5512;16.6487
Panenská Rozsíčka;49.2601;15.5153
Panenské Břežany;50.2178;14.4422
Panenský Týnec;50.2989;13.9040
Panoší Újezd;50.0366;13.7048
Panské Dubenky;49.2201;15.2676
Paračov;49.2008;13.9985
Pardubice;50.0301;15.7534
Partutovice;49.6300;17.7079
Paršovice;49.5089;17.6912
Paseka;49.8028;17.2293
Paseky nad Jizerou;50.7409;15.3950
Paseky;49.2748;14.2700
Pasečnice;49.3977;12.8864
Paskov;49.7300;18.2805
Pasohlávky;48.9034;16.5610
Pastuchovice;50.0635;13.3856
Pastviny;50.0969;16.5695
Patokryje;50.5031;13.7135
Pavlice;48.9647;15.9093
Pavlov;48.8725;16.6831
Pavlov;49.2529;15.5465
Pavlov;49.4003;15.2495
Pavlov;49.4532;15.9095
Pavlov;49.6990;15.3291
Pavlov;49.7353;16.8490
Pavlov;50.0982;14.1612
Pavlovice u Kojetína;49.3050;17.2092
Pavlovice u Přerova;49.4710;17.5576
Pavlovice;49.7168;14.9338
Pavlíkov;50.0577;13.7601
Pavlínov;49.3596;15.8698
Pazderna;49.6993;18.4332
Pačejov;49.3793;13.6133
Pačlavice;49.2489;17.1666
Pařezov;49.4714;12.8366
Pašinka;49.9960;15.1771
Pašovice;49.0813;17.6573
Pchery;50.1951;14.1238
Pec pod Sněžkou;50.6919;15.7554
Pec;49.3945;12.8243
Pecka;50.4729;15.6105
Pelechy;49.3865;12.9043
Pelhřimov;49.4492;15.2192
Pernarec;49.8585;13.1021
Pernink;50.3707;12.7995
Perná;48.8552;16.6158
Pernštejnské Jestřabí;49.4010;16.3267
Pertoltice pod Ralskem;50.6809;14.7124
Pertoltice;49.7541;15.1765
Pertoltice;50.9799;15.0778
Peruc;50.3547;13.9618
Perálec;49.8262;16.0786
Perštejn;50.3911;13.0916
Pesvice;50.4702;13.4797
Petkovy;50.4126;15.0714
Petrohrad;50.1342;13.4477
Petroupim;49.8190;14.7631
Petrov nad Desnou;50.0122;17.0562
Petrov;48.8855;17.2685
Petrov;49.5351;16.4815
Petrov;49.8929;14.4448
Petrovice I;49.8052;15.3016
Petrovice II;49.8242;15.0738
Petrovice u Karviné;49.8992;18.5330
Petrovice u Sušice;49.2226;13.4368
Petrovice;49.0018;16.2837
Petrovice;49.2389;15.7882
Petrovice;49.4101;16.6895
Petrovice;49.5590;14.3460
Petrovice;49.9952;16.5404
Petrovice;50.0707;13.6400
Petrovice;50.2356;17.4410
Petrovice;50.2918;15.5881
Petrovice;50.7667;13.9524
Petrovičky;50.3008;15.6030
Petráveč;49.3372;16.0448
Petrůvka;49.1121;17.8068
Petrůvky;49.1614;15.8946
Petřvald;49.7112;18.1450
Petřvald;49.8277;18.3894
Petříkov;48.8630;14.7545
Petříkov;49.9313;14.6208
Peč;49.0625;15.3840
Pečice;49.6132;14.1015
Pečky;50.0971;15.0136
Peřimov;50.6182;15.4562
Pikárec;49.4320;16.1189
Pila;50.1822;12.9316
Pilníkov;50.5356;15.8287
Pitín;49.0256;17.8716
Pivkovice;49.1757;14.0689
Pivín;49.3873;17.1747
Pičín;49.7557;14.0557
Pištín;49.0509;14.3527
Plandry;49.4227;15.5313
Planá nad Lužnicí;49.3593;14.7010
Planá;48.9496;14.4365
Planá;49.8470;12.7744
Plasy;49.9317;13.3866
Plav;48.9096;14.4724
Plaveč;48.9349;16.0663
Plavsko;49.0864;14.9120
Plavy;50.7054;15.3176
Plazy;50.4201;14.9654
Plaňany;50.0415;15.0429
Plch;50.1273;15.6968
Plchov;50.2550;13.9755
Plchovice;50.0520;16.1729
Plenkovice;48.9173;16.0067
Plesná;50.2254;12.3558
Pletený Újezd;50.1102;14.1092
Pleše;49.1973;14.8128
Plešnice;49.7683;13.1823
Ploskovice;50.5703;14.1955
Pluhův Žďár;49.2231;14.8845
Plumlov;49.4719;16.9858
Plužná;50.4751;14.8009
Plzeň;49.7471;13.3719
Plánice;49.3961;13.4762
Pláně;49.9498;13.3332
Plískov;49.8453;13.7318
Pnětluky;50.2542;13.7095
Poběžovice u Holic;50.0956;16.0233
Poběžovice u Přelouče;49.9951;15.5826
Poběžovice;49.5165;12.8119
Pochvalov;50.2341;13.7935
Pocinovice;49.3339;13.1064
Podbořanský Rohozec;50.2103;13.2563
Podbořany;50.2536;13.4224
Podbrdy;49.8613;14.1318
Podbřezí;50.2616;16.2174
Podbřežice;49.2152;16.9317
Podhorní Újezd a Vojice;50.3851;15.5027
Podhořany u Ronova;49.9383;15.5417
Podhradní Lhota;49.4226;17.7943
Podhradí nad Dyjí;48.9001;15.6737
Podhradí;49.1493;17.7696
Podhradí;50.2545;12.2051
Podhradí;50.4279;15.3223
Podivice;49.3678;17.0237
Podivín;48.8243;16.8438
Podkopná Lhota;49.3129;17.8308
Podlesí;49.6980;13.9672
Podlesí;50.0194;16.2898
Podlešín;50.2221;14.1645
Podluhy;49.7975;13.9137
Podmoklany;49.7236;15.7716
Podmokly;49.2298;13.5723
Podmokly;49.9469;13.7229
Podmoky;49.8232;15.4398
Podmoky;50.1986;15.2413
Podmolí;48.8350;15.9484
Podmyče;48.8842;15.7783
Podolanka;50.1659;14.6013
Podolí I;49.3649;14.3087
Podolí;49.0311;17.5314
Podolí;49.1919;16.7233
Podolí;49.4261;17.8632
Podolí;49.4432;17.5251
Podolí;49.4856;16.0759
Podomí;49.3390;16.8549
Podsedice;50.4767;13.9354
Podveky;49.8280;14.9837
Poděbrady;50.1454;15.1110
Poděvousy;49.5294;13.1295
Poděšín;49.5023;15.8002
Podůlšany;50.1355;15.7468
Podůlší;50.4754;15.3408
Pohled;49.6099;15.6471
Pohledy;49.6880;16.5498
Pohleď;49.6633;15.4577
Pohnánec;49.4718;14.8023
Pohnání;49.4762;14.8159
Pohorovice;49.1938;14.1371
Pohorská Ves;48.6597;14.6525
Pohořelice;48.9650;16.5353
Pohořelice;49.1733;17.5458
Pohoří;49.8915;14.5270
Pohoří;50.2926;16.0936
Pojbuky;49.4982;14.8996
Pokojov;49.4843;15.9008
Pokojovice;49.2223;15.7400
Pokřikov;49.8013;15.9981
Polepy;50.0031;15.2058
Polepy;50.5239;14.2648
Polerady;50.2022;14.6055
Polerady;50.4449;13.6558
Polesí;49.2953;15.2439
Polevsko;50.7900;14.5422
Poleň;49.4271;13.1672
Polešovice;49.0292;17.3440
Police nad Metují;50.5581;16.2316
Polička;49.7260;16.2765
Poličná;49.4689;17.9302
Polkovice;49.3977;17.2389
Polnička;49.6187;15.9010
Polná na Šumavě;48.7950;14.1495
Polná;49.4920;15.7392
Polní Chrčice;50.1123;15.3015
Polní Voděrady;49.9965;15.0971
Polom;49.5738;17.8432
Polom;50.0552;16.3091
Polomí;49.6338;16.9432
Polánka;49.4443;13.5548
Polště;49.1135;14.9297
Pomezí nad Ohří;50.0748;12.2785
Pomezí;49.7140;16.3286
Poniklá;50.6612;15.4577
Ponědraž;49.1208;14.7067
Ponědrážka;49.1415;14.7005
Ponětovice;49.1520;16.7491
Popelín;49.2164;15.2047
Popice;48.9287;16.6724
Popovice;49.0574;17.5313
Popovice;49.1035;16.6083
Popovice;49.6999;14.7480
Popovičky;49.9518;14.6006
Popůvky;49.1569;16.1175
Popůvky;49.1833;16.4727
Postoloprty;50.3521;13.6875
Postupice;49.7259;14.7539
Postřekov;49.4560;12.7883
Postřelmov;49.9128;16.9110
Postřelmůvek;49.9297;16.8623
Postřižín;50.2385;14.3844
Poteč;49.1490;18.0493
Potvorov;50.0154;13.3891
Potěhy;49.8717;15.4220
Potštejn;50.0782;16.3110
Potštát;49.6420;17.6603
Potůčky;50.4114;12.7674
Poustka;50.1354;12.2888
Pouzdřany;48.9321;16.6245
Povrly;50.6995;14.1381
Pozdeň;50.2408;13.9289
Pozděchov;49.2327;17.9653
Pozlovice;49.1284;17.7731
Pozořice;49.2187;16.8138
Pozďatín;49.2401;16.0400
Počaply;49.5359;13.9920
Počedělice;50.3876;13.9022
Počenice-Tetětice;49.2687;17.2300
Počepice;49.5984;14.3855
Počátky;49.2677;15.2487
Počítky;49.5992;15.9756
Poříčany;50.1098;14.9195
Poříčí nad Sázavou;49.8465;14.6619
Poříčí u Litomyšle;49.7978;16.1938
Pošná;49.4562;15.0627
Poštovice;50.3147;14.1310
Prace;49.1366;16.7600
Pracejovice;49.2493;13.8421
Prachatice;49.0073;13.9896
Prachovice;49.8973;15.6348
Prackovice nad Labem;50.5681;14.0255
Praha;50.0529;14.4543
Prakšice;49.0666;17.6372
Prameny;50.0478;12.7196
Prasek;50.2404;15.5528
Praskačka;50.1644;15.7392
Prasklice;49.2731;17.1868
Praskolesy;49.8715;13.9388
Pravice;48.8480;16.3526
Pravlov;49.0556;16.4823
Pravonín;49.6360;14.9213
Pravy;50.1307;15.6175
Pravčice;49.3343;17.4939
Pražmo;49.6054;18.4885
Prlov;49.2459;17.9642
Proboštov;50.6750;13.8270
Probulov;49.4931;14.1470
Prodašice;50.3530;15.1164
Prokopov;48.9947;15.8962
Proruby;50.0695;16.2909
Prosenice;49.4907;17.4852
Prosenická Lhota;49.6894;14.4958
Prosetín;49.5241;16.3838
Prosetín;49.8311;15.9563
Proseč pod Ještědem;50.6989;15.0055
Proseč pod Křemešníkem;49.4111;15.2943
Proseč;49.6047;15.3322
Proseč;49.8035;16.0971
Prosečné;50.5699;15.6823
Prosiměřice;48.9030;16.1895
Prostiboř;49.6572;12.9086
Prostějov;49.4680;17.1210
Prostějovičky;49.4291;17.0010
Prostřední Bečva;49.4629;18.2683
Prostřední Poříčí;49.5782;16.4896
Prosíčka;49.7192;15.3253
Protivanov;49.4780;16.8303
Protivín;49.2103;14.2172
Provodov-Šonov;50.3945;16.0972
Provodov;49.1624;17.7455
Provodovice;49.4490;17.7659
Provodín;50.6335;14.5848
Prusice;49.9709;14.8751
Prusinovice;49.3880;17.5941
Prusy-Boškůvky;49.2582;17.0487
Prušánky;48.8435;16.9673
Prysk;50.8026;14.4756
Prádlo;49.5077;13.5368
Práče;48.8743;16.1947
Prášily;49.1125;13.3926
Prštice;49.1242;16.4612
Průhonice;49.9975;14.5468
Pržno;49.3946;17.9287
Pržno;49.6155;18.3690
Pstruží;49.5639;18.3275
Psárov;49.3176;14.8933
Psáry;49.9386;14.5164
Psáře;49.7555;14.9585
Ptení;49.5200;16.9238
Ptenín;49.5245;13.1876
Ptice;50.0537;14.1636
Ptýrov;50.5094;14.9404
Puchlovice;50.1874;15.6192
Puclice;49.5604;12.9987
Pucov;49.2470;16.1736
Puklice;49.3648;15.6491
Pulečný;50.6774;15.1684
Pustiměř;49.3155;17.0342
Pustina;49.8962;16.1060
Pustověty;50.0705;13.8343
Pustá Kamenice;49.7444;16.1015
Pustá Polom;49.8499;18.0043
Pustá Rybná;49.7179;16.1266
Pustějov;49.6977;18.0192
Putim;49.2629;14.1203
Putimov;49.4142;15.2641
Pyšel;49.2557;16.0750
Pyšely;49.8825;14.6820
Páleč;50.3092;14.0504
Pálovice;49.0098;15.5265
Pátek;50.1668;15.1524
Písařov;50.0138;16.8007
Písek;49.2927;14.1573
Písek;49.5655;18.8041
Písek;50.1640;15.5113
Písečná;49.5782;18.7891
Písečná;50.0482;16.4451
Písečná;50.2696;17.2568
Písečné;48.9730;15.4410
Písečné;49.5742;16.2434
Písková Lhota;50.1360;15.0634
Písková Lhota;50.3659;14.8757
Pístina;49.0569;14.8826
Písty;50.1637;14.9912
Píšť;49.6096;15.1937
Píšť;49.9788;18.1937
Píšťany;50.5258;14.0640
Pěnčín;49.5720;17.0160
Pěnčín;50.6091;15.0712
Pěnčín;50.6876;15.2385
Pětihosty;49.8872;14.7039
Pětikozly;50.4162;14.8083
Pětipsy;50.3201;13.3424
Pěčice;50.3451;15.0104
Pěčnov;49.0538;13.9394
Pěčín;50.1596;16.4213
Pňov-Předhradí;50.0846;15.1312
Pňovany;49.7799;13.1047
Pňovice;49.7242;17.1553
Přeborov;49.4824;14.3574
Přebuz;50.3859;12.6325
Přechovice;49.1812;13.9071
Přeckov;49.2842;15.9137
Předboj;50.2325;14.4784
Předenice;49.6297;13.4033
Předhradí;49.8303;16.0311
Předklášteří;49.3528;16.3991
Předmíř;49.4905;13.7715
Předměřice nad Jizerou;50.2550;14.7898
Předměřice nad Labem;50.2599;15.8087
Přední Výtoň;48.6228;14.1047
Přední Zborovice;49.2210;13.8880
Předotice;49.3711;14.0384
Předslav;49.4417;13.3909
Předslavice;49.1324;13.9359
Předín;49.2015;15.6807
Přehořov;49.2509;14.7636
Přehvozdí;50.0236;14.8399
Přehýšov;49.6975;13.1204
Přelouč;50.0378;15.5711
Přelovice;50.0745;15.6103
Přelíc;50.2087;14.0375
Přemyslovice;49.5524;16.9544
Přepeře;50.4767;15.1011
Přepeře;50.5834;15.1105
Přepychy;50.1097;15.5117
Přepychy;50.2333;16.1042
Přerov nad Labem;50.1636;14.8266
Přerov;49.4639;17.4303
Přerubenice;50.2172;13.8365
Přeskače;49.0178;16.1029
Přestanov;50.6936;13.9085
Přestavlky u Čerčan;49.8583;14.7424
Přestavlky;49.3952;17.4793
Přestavlky;49.5964;13.2195
Přestavlky;49.9393;15.9310
Přestavlky;50.3986;14.2015
Převýšov;50.1484;15.4082
Přezletice;50.1663;14.5726
Přešovice;49.0552;16.0625
Přeštice;49.5757;13.3169
Přeštěnice;49.4706;14.4049
Přešťovice;49.2936;13.9926
Přibice;48.9695;16.5722
Přibyslav;49.5800;15.7349
Přibyslav;50.3747;16.1678
Přibyslavice;49.2615;15.7720
Přibyslavice;49.2885;16.2861
Přimda;49.6728;12.6840
Přistoupim;50.0515;14.8763
Přišimasy;50.0574;14.7671
Přáslavice;49.5904;17.3979
Příbor;49.6363;18.1508
Příbram na Moravě;49.1998;16.3269
Příbram;49.6730;13.9995
Příbraz;49.0433;14.9335
Příchovice;49.5512;13.3550
Přídolí;48.7701;14.3521
Příkazy;49.6590;17.1616
Příkosice;49.6614;13.6520
Příkrý;50.6332;15.3718
Přílepy;49.3184;17.6216
Přílepy;50.1183;13.6358
Příluka;49.8658;16.1580
Příseka;49.6730;15.4312
Přísečná;48.8312;14.3353
Přísnotice;49.0010;16.6222
Přítluky;48.8538;16.7674
Přívrat;49.9219;16.3957
Přívětice;49.8300;13.6293
Příčina;50.0688;13.6628
Příčovy;49.6719;14.3879
Příšov;49.8157;13.3015
Příšovice;50.5770;15.0823
Příštpo;49.0768;15.9362
Pšov;50.0481;13.1943
Pšovlky;50.1049;13.5952
Pšánky;50.2981;15.6214
Rabakov;50.3833;15.0934
Rabyně;49.7973;14.4478
Rabí;49.2817;13.6152
Rabštejnská Lhota;49.9042;15.7656
Racková;49.2709;17.6141
Radenice;49.4300;16.0759
Radenín;49.3794;14.8374
Radešín;49.4653;16.0801
Radešínská Svratka;49.5099;16.0875
Radhostice;49.0790;13.8783
Radhošť;49.9931;16.0745
Radim;50.0712;15.0104
Radim;50.4590;15.4191
Radimovice u Tábora;49.4598;14.6405
Radimovice u Želče;49.3804;14.6602
Radimovice;50.6253;15.0790
Radiměř;49.6986;16.4046
Radkov;49.1497;15.4790
Radkov;49.4252;16.1540
Radkov;49.4645;14.6067
Radkov;49.7422;16.7481
Radkov;49.8185;17.7688
Radkova Lhota;49.4490;17.6230
Radkovice u Budče;49.0908;15.6336
Radkovice u Hrotovic;49.0785;15.9741
Radkovice;49.5500;13.3711
Radkovy;49.4352;17.6178
Radnice;49.8623;13.6028
Radomyšl;49.3266;13.9286
Radonice;50.1409;14.6090
Radonice;50.2840;13.2511
Radonín;49.2797;15.7205
Radostice;49.1373;16.4758
Radostná pod Kozákovem;50.5769;15.2475
Radostov;50.2067;15.6576
Radostín nad Oslavou;49.4563;15.9578
Radostín;49.6460;15.8611
Radostín;49.6613;15.5370
Radotice;48.9859;15.5890
Radotín;49.4874;17.6309
Radovesice;50.4150;14.0675
Radovesnice I;50.0107;15.1415
Radovesnice II;50.1094;15.3610
Radošov;49.3371;15.7846
Radošovice;49.0174;14.2784
Radošovice;49.2226;13.9142
Radošovice;49.7474;14.8632
Radslavice;49.3233;16.9968
Radslavice;49.4819;17.5048
Raduň;49.8823;17.9480
Radvanec;50.7635;14.5943
Radvanice;49.5160;17.4837
Radvanice;50.5701;16.0519
Radíkov;49.6036;17.6612
Radíkovice;50.2087;15.6904
Radíč;49.7238;14.4098
Radčice;50.6758;15.2788
Radějov;48.8491;17.3538
Radějovice;49.1879;14.0264
Radějovice;49.9482;14.5676
Radětice;49.3206;14.4287
Radětice;49.6421;14.0783
Radňoves;49.3935;16.2155
Radňovice;49.5660;16.0328
Rajhrad;49.0857;16.6029
Rajhradice;49.0947;16.6429
Rajnochovice;49.3952;17.8046
Rakousy;50.6173;15.1835
Rakov;49.4914;17.7060
Rakovice;49.4667;14.0524
Rakovník;50.1020;13.7314
Raková u Konice;49.6048;16.9553
Raková;49.7012;13.5732
Rakvice;48.8588;16.8185
Rakůvka;49.6132;16.9360
Ralsko;50.6244;14.7796
Rantířov;49.3997;15.5152
Raná;49.7983;15.9644
Raná;50.4117;13.7829
Rančířov;49.3661;15.5886
Rapotice;49.1932;16.2629
Rapotín;50.0034;17.0031
Rapšach;48.8746;14.9611
Rasošky;50.3223;15.9132
Raspenava;50.8850;15.1415
Rataje nad Sázavou;49.8455;14.9671
Rataje;49.2733;17.3273
Rataje;49.3528;14.4484
Rataje;49.7073;14.9671
Ratboř;49.9720;15.1555
Ratenice;50.0957;15.0609
Ratiboř;49.1400;14.8926
Ratiboř;49.3584;17.9177
Ratibořské Hory;49.4585;14.7672
Ratměřice;49.6547;14.7623
Ratíškovice;48.9221;17.1614
Razová;49.9415;17.5470
Račetice;50.3046;13.3592
Račice nad Trotinou;50.3175;15.7982
Račice-Pístovice;49.2859;16.8703
Račice;49.1133;16.0057
Račice;49.5002;16.1446
Račice;50.0124;13.9213
Račice;50.4599;14.3451
Račiněves;50.3819;14.2009
Račín;49.6040;15.8579
Raškovice;49.6172;18.4576
Rašov;49.4152;16.4547
Rašovice;49.1247;16.9490
Rašovice;49.9005;15.0943
Rašín;50.3301;15.6699
Ražice;49.2370;14.0955
Rebešovice;49.1085;16.6418
Rejchartice;50.0336;16.9847
Rejštejn;49.1237;13.5160
Rešice;49.0553;16.1551
Roblín;49.9665;14.2520
Rochlov;49.7315;13.1435
Rochov;50.4633;14.1083
Rodinov;49.2809;15.1068
Rodkov;49.5039;16.2259
Rodná;49.4888;14.8453
Rodvínov;49.1710;15.0493
Rohatec;48.8923;17.2099
Rohatsko;50.4426;15.1026
Rohenice;50.3055;16.0379
Rohle;49.8667;17.0107
Rohov;50.0132;18.0642
Rohovládova Bělá;50.1040;15.6028
Rohozec;49.3945;16.4745
Rohozec;49.9769;15.3814
Rohoznice;50.1288;15.6512
Rohoznice;50.3954;15.6966
Rohozná;49.3546;15.3920
Rohozná;49.6560;16.4010
Rohy;49.3141;16.0097
Rojetín;49.3708;16.2497
Rokle;50.3553;13.2980
Rokycany;49.7320;13.5812
Rokytnice nad Jizerou;50.7472;15.4672
Rokytnice nad Rokytnou;49.1814;15.7759
Rokytnice v Orlických horách;50.1862;16.4580
Rokytnice;49.0575;17.9254
Rokytnice;49.4661;17.3836
Rokytno;50.1039;15.8687
Rokytovec;50.4085;14.8329
Rokytá;50.5589;14.8743
Rokytňany;50.3793;15.1250
Ronov nad Doubravou;49.8694;15.5400
Ropice;49.6970;18.6012
Roprachtice;50.6560;15.4158
Roseč;49.1315;14.9038
Rosice;49.1883;16.3824
Rosice;49.9228;15.9659
Rosička;49.2834;14.9605
Rosička;49.5402;15.8462
Rosovice;49.7725;14.1181
Rostoklaty;50.0736;14.8115
Rostěnice-Zvonovice;49.2384;16.9575
Rotava;50.3014;12.5538
Roubanina;49.6172;16.5934
Rouchovany;49.0604;16.1071
Roudnice nad Labem;50.4252;14.2481
Roudnice;50.1856;15.6488
Roudno;49.8954;17.5047
Roudná;49.3027;14.7131
Roudné;48.9339;14.4831
Roupov;49.5396;13.2466
Rouské;49.4777;17.7778
Rousměrov;49.4634;16.0268
Rousínov;49.2065;16.8723
Rovensko pod Troskami;50.5463;15.2601
Rovensko;49.9159;16.8601
Rovečné;49.5848;16.3591
Rovná;49.2901;13.9470
Rovná;49.5139;15.1320
Rovná;50.1074;12.7051
Rozdrojovice;49.2533;16.5164
Rozhovice;49.9688;15.7037
Rozhraní;49.6029;16.5256
Rozkoš;49.0367;15.9582
Rozseč nad Kunštátem;49.5195;16.4595
Rozseč;49.1557;15.6176
Rozseč;49.3660;16.2160
Rozsochatec;49.6834;15.6375
Rozsochy;49.5282;16.1909
Rozstání;49.4174;16.8344
Rozstání;49.7344;16.7154
Rozsíčka;49.5496;16.4664
Roztoky u Jilemnice;50.5722;15.5043
Roztoky u Semil;50.6629;15.3649
Roztoky;49.9964;13.8848
Roztoky;50.1606;14.3714
Rozvadov;49.6627;12.5634
Ročov;50.2618;13.7753
Roštín;49.1925;17.2978
Roštění;49.3713;17.5442
Rožmberk nad Vltavou;48.6665;14.3482
Rožmitál na Šumavě;48.7141;14.3979
Rožmitál pod Třemšínem;49.6004;13.8651
Rožnov pod Radhoštěm;49.4602;18.1525
Rožnov;50.3429;15.8513
Rožná;49.4881;16.2384
Rožďalovice;50.3079;15.1736
Rpety;49.8278;13.9447
Rtyně nad Bílinou;50.6108;13.9097
Rtyně v Podkrkonoší;50.5108;16.0863
Ruda nad Moravou;50.0014;16.8825
Ruda;49.3222;16.1261
Ruda;50.1188;13.8596
Rudice;49.0638;17.7419
Rudice;49.3391;16.7175
Rudimov;49.0712;17.8304
Rudka;49.2418;16.3154
Rudlice;48.9487;16.0580
Rudná pod Pradědem;50.0253;17.3635
Rudná;49.6549;16.5693
Rudná;50.0370;14.2191
Rudník;50.5954;15.7354
Rudolec;49.4845;15.8447
Rudolfov;48.9949;14.5432
Rudoltice;49.8996;16.5492
Rudíkov;49.2899;15.9297
Rumburk;50.9527;14.5446
Ruprechtov;49.3238;16.8426
Rusava;49.3555;17.7072
Rusín;50.2200;17.7297
Rušinov;49.7912;15.7000
Rybitví;50.0543;15.6986
Rybnice;49.9114;13.3710
Rybniště;50.8687;14.5212
Rybná nad Zdobnicí;50.1212;16.3640
Rybné;49.4227;15.7413
Rybník;49.5183;12.6731
Rybník;49.8910;16.4905
Rybníky;49.0296;16.2763
Rybníky;49.7469;14.2065
Rybníček;49.2733;17.0722
Rybníček;49.7699;15.5140
Rybí;49.5981;18.0748
Rychnov na Moravě;49.8350;16.6358
Rychnov nad Kněžnou;50.1680;16.2814
Rychnov u Jablonce nad Nisou;50.6846;15.1427
Rychnovek;50.3622;15.9865
Rychvald;49.8662;18.3745
Ryjice;50.6959;14.0913
Rymice;49.3493;17.5296
Rynholec;50.1380;13.9350
Rynoltice;50.7921;14.8341
Rynárec;49.3808;15.2311
Ryžoviště;49.8709;17.3553
Ráby;50.0794;15.8130
Rácovice;49.0346;15.7054
Rádlo;50.7050;15.1364
Rájec-Jestřebí;49.4191;16.6437
Rájec;49.8561;16.8947
Ráječko;49.3951;16.6542
Rýmařov;49.9150;17.2888
Růžená;49.2715;15.4219
Růžová;50.8474;14.2913
Růžďka;49.3959;18.0100
Sadov;50.2670;12.9217
Sadová;50.3009;15.6936
Sadská;50.1427;14.9725
Salačova Lhota;49.5267;14.9666
Salaš;49.1448;17.3369
Samopše;49.8653;14.9399
Samotišky;49.6301;17.3268
Samšina;50.4635;15.2343
Samšín;49.4861;15.0681
Sazená;50.3136;14.2853
Sazomín;49.5085;15.9748
Sazovice;49.2399;17.5624
Sběř;50.3159;15.4184
Schořov;49.8624;15.3779
Sebečice;49.8727;13.6889
Sebranice;49.4953;16.5704
Sebranice;49.7670;16.2625
Sedlatice;49.1932;15.6247
Sedlec-Prčice;49.5706;14.5308
Sedlec;48.7902;16.7099
Sedlec;49.0678;14.2915
Sedlec;49.1712;16.1398
Sedlec;50.0008;13.4318
Sedlec;50.1848;14.4535
Sedlec;50.3043;14.7817
Sedlec;50.4480;14.0146
Sedlejov;49.2392;15.4958
Sedletín;49.7149;15.5567
Sedlečko u Soběslavě;49.2857;14.7466
Sedlice;49.3797;13.9648
Sedlice;49.5188;15.2686
Sedlice;49.6243;13.8766
Sedliště;49.5327;13.6279
Sedliště;49.7259;18.3586
Sedliště;49.8957;16.2733
Sedliště;50.3992;15.2162
Sedlnice;49.6562;18.0914
Sedloňov;50.3409;16.3336
Sedlčany;49.6554;14.3992
Sehradice;49.1500;17.8298
Sejřek;49.4395;16.3058
Sekeřice;50.2888;15.3877
Seletice;50.3232;15.0900
Selmice;50.0558;15.4376
Seloutky;49.4452;17.0562
Semanín;49.8668;16.4439
Semechnice;50.2642;16.1551
Semice;50.1632;14.8764
Semily;50.6134;15.3296
Semněvice;49.6007;12.9374
Semtěš;49.9613;15.5121
Semín;50.0504;15.5211
Semčice;50.3706;15.0130
Sendraž;50.3690;16.1993
Sendražice;50.2937;15.7970
Senec;50.0653;13.6959
Senetářov;49.3449;16.8066
Senice na Hané;49.6296;17.0832
Senice;50.1841;15.2019
Seninka;49.2756;17.9649
Senička;49.6327;17.0564
Senohraby;49.8916;14.7221
Senomaty;50.1009;13.6655
Senorady;49.1330;16.2417
Senožaty;49.5731;15.2138
Sentice;49.3071;16.4385
Sepekov;49.4270;14.4164
Sezemice;50.0667;15.8566
Sezemice;50.5916;14.9984
Sezimovo Ústí;49.3832;14.7119
Seč;49.5892;13.4957
Seč;49.8370;15.6552
Seč;50.0241;16.3027
Sibřina;50.0528;14.6585
Silůvky;49.1043;16.4607
Sirá;49.8214;13.7386
Sirákov;49.5051;15.8233
Sivice;49.2094;16.7868
Siřejovice;50.4743;14.0672
Skalice nad Svitavou;49.4841;16.6052
Skalice u České Lípy;50.7450;14.5195
Skalice;48.9746;16.2264
Skalice;49.2988;14.6778
Skalice;50.2778;15.8705
Skalička;49.3642;16.5172
Skalička;49.5179;17.7896
Skalka u Doks;50.5694;14.6047
Skalka;49.0385;17.2003
Skalka;49.4023;17.1707
Skalná;50.1694;12.3647
Skalsko;50.4237;14.7497
Skapce;49.6607;12.9973
Skašov;49.5188;13.4306
Skaštice;49.3275;17.4108
Sklené nad Oslavou;49.4462;16.0568
Sklené;49.6143;15.9994
Sklené;49.6948;16.5261
Skomelno;49.8517;13.6383
Skopytce;49.3378;14.7910
Skorkov;49.5102;15.4793
Skorkov;50.2160;14.7370
Skoronice;48.9867;17.1432
Skorotice;49.4672;16.3714
Skorošice;50.2891;17.0477
Skotnice;49.6665;18.1324
Skočice;49.1776;14.1117
Skořenice;50.0316;16.2245
Skořice;49.6654;13.7232
Skrbeň;49.6424;17.1741
Skrchov;49.5812;16.5506
Skryje;49.3906;16.3057
Skryje;49.8439;15.4880
Skryje;49.9550;13.7790
Skrýchov u Malšic;49.3283;14.5932
Skršín;50.4771;13.7582
Skuhrov nad Bělou;50.2356;16.2838
Skuhrov;49.6906;15.5255
Skuhrov;49.8755;14.1630
Skuhrov;50.6735;15.2096
Skuteč;49.8485;16.0143
Skvrňov;49.8968;14.9976
Skály;49.1774;13.9887
Skály;49.2170;14.1496
Skřinářov;49.3594;16.1687
Skřipel;49.8427;14.0679
Skřipov;49.8138;17.9322
Skřivany;50.2754;15.5128
Skřípov;49.5828;16.8171
Slabce;50.0025;13.6952
Slabčice;49.3330;14.3310
Slaná;50.5843;15.3448
Slaník;49.2712;13.9546
Slaný;50.2378;14.0795
Slapsko;49.5812;14.7557
Slapy;49.3960;14.6103
Slapy;49.8254;14.3893
Slatina nad Zdobnicí;50.1333;16.4008
Slatina nad Úpou;50.4613;16.0345
Slatina;49.0175;16.0144
Slatina;49.3951;13.7464
Slatina;49.6296;16.5942
Slatina;49.7967;17.9748
Slatina;49.9853;16.1615
Slatina;49.9904;13.6273
Slatina;50.2223;14.2212
Slatina;50.4321;14.0438
Slatinice;49.5601;17.0917
Slatinky;49.5452;17.0837
Slatiny;50.3706;15.3893
Slatiňany;49.9078;15.8025
Slavhostice;50.3150;15.3456
Slavičky;49.1879;15.9567
Slavičín;49.0968;17.8851
Slavkov pod Hostýnem;49.3747;17.6756
Slavkov u Brna;49.1505;16.8772
Slavkov;48.9346;17.6083
Slavkov;49.9148;17.8379
Slavníč;49.5123;15.4550
Slavonice;49.0152;15.3162
Slavoňov;50.3453;16.1985
Slavošov;49.7706;15.1638
Slavíkov;49.7444;15.7811
Slavíkovice;49.0077;15.6190
Slavče;48.8086;14.6018
Slavětice;49.1070;16.1100
Slavětín nad Metují;50.3276;16.0548
Slavětín;49.6742;15.7753
Slavětín;49.6788;16.9549
Slavětín;50.3652;13.9017
Slepotice;49.9890;15.9686
Slezské Pavlovice;50.3104;17.7027
Slezské Rudoltice;50.2028;17.6636
Slopné;49.1554;17.8557
Sloup v Čechách;50.7436;14.5903
Sloup;49.4282;16.7371
Sloupnice;49.9372;16.3208
Sloupno;49.7364;15.7538
Sloupno;50.2606;15.4933
Sloveč;50.2288;15.3492
Slověnice;49.7603;14.8842
Sluhy;50.1971;14.5611
Slunečná;50.7487;14.4714
Slup;48.7699;16.1940
Slušovice;49.2506;17.8075
Sluštice;50.0397;14.6873
Služovice;49.9857;18.0013
Služátky;49.6874;15.4323
Smetanova Lhota;49.4475;14.1001
Smečno;50.1850;14.0337
Smidary;50.2937;15.4894
Smilkov;49.6018;14.6388
Smilovice;49.6622;18.5710
Smilovice;50.2456;13.8027
Smilovice;50.3060;14.9599
Smilovy Hory;49.5337;14.8969
Smiřice;50.2996;15.8464
Smolnice;50.3116;13.8461
Smolné Pece;50.2945;12.7695
Smolotely;49.6270;14.1252
Smrk;49.2235;16.0096
Smrček;49.8732;15.8844
Smrčná;49.4665;15.5323
Smržice;49.5039;17.1152
Smržov;49.0778;14.6662
Smržov;50.2945;15.9077
Smržovka;50.7333;15.2531
Smědčice;49.8039;13.5124
Snovídky;49.1235;17.0996
Snědovice;50.5146;14.4125
Snět;49.6316;15.2279
Sněžné;49.6592;16.0876
Sněžné;50.3466;16.2807
Sobkovice;50.0510;16.5947
Sobotka;50.4620;15.1835
Sobotovice;49.0651;16.5628
Sobotín;49.9987;17.1124
Sobíňov;49.6972;15.7754
Sobíšky;49.5138;17.4509
Sobčice;50.3752;15.5130
Soběchleby;49.4769;17.6438
Soběhrdy;49.8299;14.7344
Soběkury;49.5687;13.2410
Soběnov;48.7679;14.5603
Soběraz;50.4677;15.4045
Soběslav;49.2608;14.7073
Soběslavice;50.6107;15.0291
Soběsuky;49.2354;17.3531
Sobětuchy;49.9379;15.7652
Soběšice;49.2124;13.6836
Soběšovice;49.7331;18.4685
Soběšín;49.8066;14.9613
Sobůlky;49.0183;17.0844
Sojovice;50.2189;14.7618
Sokoleč;50.1003;15.1020
Sokolnice;49.1189;16.7110
Sokolov;50.1656;12.6747
Solenice;49.6235;14.1843
Solnice;50.2133;16.2450
Sopotnice;50.0605;16.3463
Sopřeč;50.0887;15.5528
Sosnová;49.9977;17.6620
Sosnová;50.6545;14.5232
Sousedovice;49.2316;13.8592
Soutice;49.7310;15.0481
Souňov;49.8850;15.3156
Sovolusky;49.9713;15.5357
Sovínky;50.3832;14.7774
Sovětice;50.3126;15.6894
Spešov;49.3978;16.6201
Spojil;50.0438;15.8234
Spomyšl;50.3421;14.3604
Spořice;50.4195;13.3543
Spytihněv;49.1433;17.4902
Spálené Poříčí;49.6195;13.6269
Spálov;49.7079;17.7197
Spáňov;49.4152;12.9806
Spělkov;49.6752;16.1569
Srbce;49.3064;17.2287
Srbeč;50.2257;13.8890
Srbice;49.5117;13.1404
Srbice;50.6532;13.8748
Srbsko;49.9475;14.1460
Srbská Kamenice;50.8293;14.3372
Srby;49.5274;13.5972
Srby;49.5473;12.8610
Srch;50.0835;15.7505
Srnojedy;50.0394;15.7071
Srní;49.0786;13.4757
Srnín;48.8495;14.3309
Srubec;48.9524;14.5370
Sruby;49.9989;16.1683
Stachy;49.1012;13.6391
Stanovice;50.1537;12.8802
Stanovice;50.4026;15.8698
Stanoviště;49.2419;16.2631
Starkoč;49.9383;15.5055
Starosedlský Hrádek;49.5753;14.0075
Starovice;48.9584;16.7148
Starovičky;48.9165;16.7712
Stará Huť;49.7758;14.2029
Stará Lysá;50.2244;14.8046
Stará Paka;50.5190;15.4751
Stará Ves nad Ondřejnicí;49.7294;18.1816
Stará Ves;49.3854;17.4876
Stará Ves;49.9943;17.2031
Stará Voda;49.9700;12.5520
Stará Voda;50.1519;15.5344
Stará Červená Voda;50.3217;17.1880
Stará Říše;49.1920;15.5780
Staré Buky;50.5321;15.8688
Staré Bříště;49.4899;15.3665
Staré Hamry;49.4927;18.4404
Staré Heřminovy;49.9257;17.6261
Staré Hobzí;49.0102;15.4606
Staré Hodějovice;48.9461;14.5119
Staré Hradiště;50.0736;15.7882
Staré Hrady;50.3875;15.2057
Staré Hutě;49.1415;17.2800
Staré Jesenčany;50.0081;15.7523
Staré Křečany;50.9534;14.4589
Staré Místo;50.4035;15.3452
Staré Město pod Landštejnem;48.9995;15.2170
Staré Město;49.0869;17.4430
Staré Město;49.6660;18.3703
Staré Město;49.7968;16.7052
Staré Město;50.0068;17.4306
Staré Město;50.1883;16.9450
Staré Sedliště;49.7305;12.6822
Staré Sedlo;49.6523;12.8651
Staré Sedlo;50.1797;12.7147
Staré Smrkovice;50.3349;15.4938
Staré Těchanovice;49.8258;17.6945
Staré Ždánice;50.1217;15.7130
Starý Bydžov;50.2595;15.4496
Starý Hrozenkov;48.9629;17.8653
Starý Jičín;49.5649;17.9108
Starý Kolín;50.0088;15.2940
Starý Mateřov;50.0074;15.7091
Starý Petřín;48.9033;15.7357
Starý Plzenec;49.6993;13.4651
Starý Poddvorov;48.8720;16.9811
Starý Vestec;50.1450;14.8504
Starý Šachov;50.7156;14.3613
Statenice;50.1454;14.3263
Stavenice;49.7805;16.9769
Stavěšice;49.0017;17.0307
Staňkov;48.9792;14.9767
Staňkov;49.5539;13.0827
Staňkovice;49.8733;15.0141
Staňkovice;50.3539;13.5832
Staňkovice;50.5925;14.1659
Stařechovice;49.5398;17.0361
Stařeč;49.1952;15.8187
Staříč;49.6852;18.2667
Stašov;49.6758;16.3702
Stašov;49.8851;13.9596
Stebno;50.6168;14.0299
Stehelčeves;50.1733;14.1769
Stehlovice;49.3930;14.3241
Stochov;50.1660;13.9527
Stod;49.6283;13.1658
Stojice;49.9542;15.6129
Stojčín;49.2353;15.2121
Stolany;49.9269;15.7385
Stonava;49.8184;18.5299
Stonařov;49.2903;15.5934
Stošíkovice na Louce;48.9003;16.2123
Stožec;48.8450;13.8433
Stožice;49.1230;14.1306
Strachotice;48.7864;16.1707
Strachotín;48.9036;16.6673
Strachoňovice;49.1366;15.4940
Strachujov;49.6140;16.2229
Stradonice;50.2916;14.0426
Stradouň;49.9725;16.0580
Strahovice;50.0005;18.0855
Strakonice;49.2609;13.9091
Strakov;49.8669;16.3900
Straky;50.2353;14.9609
Stranný;49.7556;14.4942
Strančice;49.9521;14.6486
Stratov;50.2011;14.9088
Stračov;50.3125;15.6547
Strašice;49.2095;13.7398
Strašice;49.6946;13.7577
Straškov-Vodochody;50.3544;14.2397
Strašnov;50.3580;14.8895
Strašov;50.0891;15.5175
Strašín;49.1777;13.6573
Stražisko;49.5471;16.9256
Strenice;50.3884;14.8188
Strhaře;49.4466;16.4421
Strmilov;49.1711;15.1890
Strojetice;49.6549;15.0663
Stropešín;49.1562;16.0780
Struhařov;49.7689;14.7646
Struhařov;49.9546;14.7523
Strukov;49.7346;17.1755
Strunkovice nad Blanicí;49.0789;14.0943
Strunkovice nad Volyňkou;49.2102;13.8931
Strupčice;50.4628;13.5335
Stružinec;50.5623;15.3438
Stružnice;50.6914;14.4512
Stružná;50.1792;12.9991
Stránecká Zhoř;49.3808;15.9333
Stránka;50.4238;14.6730
Strání;48.8912;17.6752
Stráž nad Nežárkou;49.0470;14.9487
Stráž nad Nisou;50.7919;15.0194
Stráž nad Ohří;50.3644;13.0597
Stráž pod Ralskem;50.6974;14.7965
Stráž;49.4129;12.9106
Stráž;49.6535;12.7835
Strážek;49.4292;16.2070
Strážiště;50.6032;14.9215
Strážkovice;48.8974;14.5609
Strážnice;48.8874;17.3094
Strážná;49.9042;16.7049
Strážné;50.6782;15.6355
Strážný;48.9136;13.7007
Strážov;49.2972;13.2440
Strážovice;49.0082;17.0475
Strýčice;49.0102;14.2617
Studenec;49.2157;16.0730
Studenec;50.5594;15.5554
Studená;49.1851;15.3041
Studená;49.9599;13.6454
Studené;50.0702;16.5867
Studený;49.6102;15.1220
Studeněves;50.2270;14.0428
Studnice;49.2980;16.0288
Studnice;49.3783;16.8806
Studnice;49.7169;15.9078
Studnice;50.4218;16.0896
Studánka;49.7715;12.5868
Studénka;49.7111;18.0692
Stupava;49.1219;17.2511
Stvolová;49.5881;16.5364
Stvolínky;50.6449;14.4377
Stádlec;49.3730;14.4924
Stáj;49.4596;15.8001
Stálky;48.8804;15.6828
Stárkov;50.5296;16.1414
Stéblová;50.0975;15.7381
Stínava;49.5034;16.9204
Stěbořice;49.9478;17.7876
Stěžery;50.2152;15.7358
Středokluky;50.1321;14.2392
Střelice;49.0063;15.9823
Střelice;49.1479;16.4860
Střelice;49.6205;13.1308
Střelná;49.1733;18.1082
Střelské Hoštice;49.3055;13.7702
Střemošice;49.8876;16.0645
Střemy;50.3706;14.5696
Střevač;50.4137;15.2558
Střezetice;50.2627;15.7203
Střezimíř;49.5328;14.6044
Střeň;49.6826;17.1587
Stříbrnice;49.0644;17.3044
Stříbrnice;49.3243;17.2500
Stříbrná Skalice;49.9104;14.8484
Stříbrná;50.3639;12.5510
Stříbrné Hory;49.6054;15.6909
Stříbro;49.7505;12.9850
Stříbřec;49.0226;14.8919
Střílky;49.1449;17.2101
Střítež nad Bečvou;49.4496;18.0549
Střítež nad Ludinou;49.6071;17.7420
Střítež pod Křemešníkem;49.4298;15.3202
Střítež;48.7636;14.4495
Střítež;49.1910;15.8986
Střítež;49.3673;15.1245
Střítež;49.4416;16.2599
Střítež;49.4624;15.6199
Střítež;49.6876;18.5768
Střížov;48.8924;14.5258
Střížovice;49.1431;15.1513
Střížovice;49.2554;17.4544
Střížovice;49.6203;13.4525
Suchdol nad Lužnicí;48.8936;14.8743
Suchdol nad Odrou;49.6587;17.9116
Suchdol;49.5439;16.8881
Suchdol;49.9397;15.1419
Suchodol;49.7174;14.0720
Suchohrdly u Miroslavi;48.9475;16.3687
Suchohrdly;48.8817;16.1125
Suchomasty;49.8955;14.0522
Suchonice;49.5254;17.3766
Suchov;48.8977;17.5715
Suchovršice;50.5331;15.9970
Suchá Lhota;49.8798;16.1756
Suchá Loz;48.9616;17.7075
Suchá;49.3080;15.5749
Suchý Důl;50.5349;16.2838
Suchý;49.4863;16.7779
Sudice;49.1852;16.2355
Sudice;49.5271;16.6636
Sudice;50.0334;18.0630
Sudislav nad Orlicí;49.9855;16.3178
Sudkov;49.9209;16.9541
Sudoměř;50.4535;14.7395
Sudoměřice u Bechyně;49.2994;14.5211
Sudoměřice u Tábora;49.5060;14.6593
Sudoměřice;48.8702;17.2580
Sudovo Hlavno;50.2727;14.6838
Sudslava;50.0412;16.2905
Sudějov;49.8515;15.1033
Sukorady;50.3216;15.5797
Sukorady;50.4312;15.0306
Sulejovice;50.4993;14.0419
Sulice;49.9220;14.5554
Sulimov;49.2270;17.4257
Sulislav;49.7512;13.0771
Sulkovec;49.6056;16.3105
Sulíkov;49.5445;16.4842
Supíkovice;50.2967;17.2435
Sušice;49.1237;17.4539
Sušice;49.2156;13.5274
Sušice;49.4891;17.5370
Svatava;50.1966;12.6126
Svatobořice-Mistřín;48.9776;17.0935
Svatojanský Újezd;50.4280;15.5458
Svatoslav;49.2966;16.3052
Svatoslav;49.3321;15.8406
Svatoňovice;49.8053;17.6731
Svatá Maří;49.0660;13.8314
Svatá;49.9379;13.9501
Svaté Pole;49.7580;14.1716
Svatý Jan nad Malší;48.8233;14.4964
Svatý Jan pod Skalou;49.9746;14.1386
Svatý Jan;49.6469;14.2916
Svatý Jiří;49.9765;16.2664
Svatý Mikuláš;50.0078;15.3301
Sviadnov;49.6902;18.3184
Svijanský Újezd;50.5904;15.0334
Svijany;50.5761;15.0483
Svinaře;49.8984;14.1868
Svinařov;50.1787;14.0527
Svinošice;49.3264;16.5723
Sviny;49.1917;14.6385
Sviny;49.3599;16.0964
Svinčany;49.9739;15.6377
Svitavy;49.7754;16.4607
Svitávka;49.5086;16.6018
Svoboda nad Úpou;50.6385;15.8068
Svobodné Heřmanice;49.9442;17.6742
Svojanov;49.6212;16.4155
Svojek;50.5530;15.4643
Svojetice;49.9718;14.7434
Svojetín;50.1848;13.6264
Svojkov;50.7214;14.5994
Svojkovice;49.1688;15.6475
Svojkovice;49.7623;13.6563
Svojšice;49.5731;14.0488
Svojšice;49.9660;15.6034
Svojšice;50.0029;15.0287
Svojšín;49.7635;12.8979
Svor;50.8091;14.5865
Svrabov;49.4445;14.6275
Svratka;49.7091;16.0239
Svratouch;49.7235;16.0434
Svrkyně;50.1764;14.2785
Svárov;49.1188;17.6125
Svárov;50.0641;14.1347
Svébohov;49.9263;16.8308
Svémyslice;50.1487;14.6467
Svépravice;49.4977;15.2350
Svéradice;49.3663;13.7378
Svésedlice;49.5722;17.3838
Svídnice;49.8836;15.8121
Svídnice;50.0905;16.2274
Světce;49.2722;14.9487
Světec;50.5698;13.8202
Světice;49.9702;14.6634
Světlá Hora;50.0551;17.3792
Světlá nad Sázavou;49.6745;15.3805
Světlá pod Ještědem;50.7178;14.9710
Světlá;49.5682;16.7108
Světlík;48.7246;14.2043
Světnov;49.6174;15.9606
Světí;50.2591;15.7793
Sychrov;50.6382;15.0698
Synalov;49.4432;16.4014
Synkov-Slemeno;50.1495;16.2334
Syrov;49.5784;15.1651
Syrovice;49.0826;16.5533
Syrovátka;50.1597;15.6642
Syrovín;49.0227;17.2679
Sytno;49.7420;13.0382
Syřenov;50.4980;15.4204
Sádek;49.6956;16.2144
Sádek;49.7361;13.9835
Sány;50.1177;15.2505
Sázava;49.5585;15.8619
Sázava;49.8610;14.8981
Sázava;49.9055;16.6460
Sázavka;49.7402;15.4180
Sýkořice;50.0312;13.9670
Tachlovice;50.0013;14.2345
Tachov;49.7959;12.6409
Tachov;50.5390;14.6312
Tanvald;50.7425;15.3009
Tasov;48.8950;17.4398
Tasov;49.2938;16.1004
Tasovice;48.8422;16.1515
Tasovice;49.4984;16.4385
Tatce;50.0931;14.9746
Tatenice;49.8816;16.7163
Tatiná;49.8543;13.2962
Tatobity;50.5703;15.2885
Tatrovice;50.2788;12.6922
Tavíkovice;49.0275;16.0900
Tašov;50.6145;14.1368
Tchořovice;49.4294;13.8195
Tehov;49.7381;14.9535
Tehov;49.9797;14.6975
Tehovec;49.9877;14.7188
Telecí;49.6924;16.1702
Telnice;49.1021;16.7069
Telnice;50.7324;13.9324
Telč;49.1903;15.4436
Temelín;49.1812;14.3715
Temešvár;49.3552;14.2634
Teplice nad Bečvou;49.5292;17.7323
Teplice nad Metují;50.6001;16.1552
Teplice;50.6417;13.8287
Teplička;50.1472;12.8560
Teplá;49.9751;12.8600
Teplýšovice;49.7997;14.7983
Terezín;48.9693;16.9477
Terezín;50.5100;14.1642
Terešov;49.8991;13.6962
Tetov;50.0934;15.4265
Tetín;49.9380;14.1024
Tetín;50.4213;15.6336
Tetčice;49.1635;16.4178
Tečovice;49.2223;17.5728
Tichonice;49.7743;14.9903
Tichov;49.1920;17.9780
Tichá;49.5771;18.2157
Tis u Blatna;50.0901;13.3253
Tis;49.7144;15.4939
Tisem;49.7563;14.6056
Tismice;50.0580;14.7997
Tisovec;49.8329;15.9313
Tisová;49.7792;12.7285
Tisová;49.9428;16.2157
Tisá;50.7912;14.0217
Tišice;50.2644;14.5494
Tišnov;49.3765;16.4671
Tišnovská Nová Ves;49.3860;16.2899
Tištín;49.3063;17.1719
Tlumačov;49.2447;17.5107
Tlumačov;49.3872;12.9164
Tlustice;49.8514;13.8809
Tlučná;49.7304;13.2410
Tmaň;49.9089;14.0265
Tochovice;49.5974;13.9918
Tojice;49.4965;13.6350
Tomice;49.6412;15.1595
Topolany;49.2750;17.0352
Topolná;49.1309;17.5420
Toušice;49.9861;15.0191
Toužetín;50.3193;13.8844
Toužim;50.0277;12.9971
Tovačov;49.4306;17.2936
Tovéř;49.6373;17.3154
Točník;49.8864;13.8804
Traplice;49.1360;17.4208
Travčice;50.5034;14.1924
Trboušany;49.0510;16.4436
Trhanov;49.4225;12.8467
Trhová Kamenice;49.7942;15.8027
Trhové Dušníky;49.7175;14.0145
Trhové Sviny;48.8435;14.6297
Trhový Štěpánov;49.7234;15.0253
Trmice;50.6415;13.9961
Trnava;49.2591;15.9263
Trnava;49.3020;17.8460
Trnov;50.2401;16.1584
Trnovany;50.5420;14.1700
Trnová;49.8618;13.3330
Trnová;49.9140;14.3636
Trnové Pole;48.9478;16.4116
Trnávka;49.6885;18.1798
Trnávka;50.0378;15.4574
Trojanovice;49.5192;18.2206
Trojovice;49.9374;15.9076
Trokavec;49.6527;13.6892
Troskotovice;48.9109;16.4429
Troskovice;50.5136;15.2191
Trotina;50.4082;15.7193
Troubelice;49.8164;17.0708
Troubky-Zdislavice;49.2325;17.2700
Troubky;49.4231;17.3637
Troubsko;49.1733;16.4999
Trpišovice;49.6576;15.3332
Trpík;49.8445;16.5646
Trpín;49.6040;16.3923
Trpísty;49.8259;13.0549
Trstěnice;48.9877;16.1872
Trstěnice;49.7915;16.3391
Trstěnice;49.9174;12.6629
Trubská;49.9551;13.9997
Trubín;49.9417;13.9930
Truskovice;49.1030;14.1422
Trusnov;50.0010;16.0491
Trutnov;50.5737;15.9284
Tršice;49.5479;17.4249
Tržek;49.8855;16.2539
Tuchlovice;50.1408;14.0033
Tuchoměřice;50.1308;14.2815
Tuchoraz;50.0436;14.8482
Tuchořice;50.2696;13.6528
Tuhaň;50.2976;14.5190
Tuhaň;50.5535;14.4609
Tuklaty;50.0871;14.7550
Tulešice;49.0379;16.2012
Tuněchody;49.9830;15.8367
Tupadly;49.8717;15.3912
Tupadly;50.4497;14.4789
Tupesy;49.0966;17.3719
Turkovice;49.9572;15.5533
Turnov;50.5889;15.1611
Turovec;49.3803;14.7457
Turovice;49.4215;17.5742
Tursko;50.1909;14.3244
Tutleky;50.1419;16.2455
Tučapy;49.0504;17.3308
Tučapy;49.2329;16.9131
Tučapy;49.2940;14.7957
Tučín;49.4594;17.5131
Tuř;50.3973;15.4268
Tuřany;50.0891;12.5095
Tuřany;50.2358;14.0287
Tuřice;50.2571;14.7502
Tušovice;49.5750;14.0250
Tužice;49.3393;13.5120
Tvarožná Lhota;48.8604;17.3815
Tvarožná;49.1988;16.7645
Tvorovice;49.3774;17.2184
Tvořihráz;48.9131;16.1229
Tvrdkov;49.8778;17.1811
Tvrdonice;48.7605;16.9800
Tvrzice;49.1189;13.9737
Tymákov;49.7184;13.5042
Tábor;49.4198;14.6938
Tálín;49.2541;14.2222
Tísek;49.7925;18.0128
Týn nad Bečvou;49.5124;17.6319
Týn nad Vltavou;49.2383;14.4460
Týnec nad Labem;50.0434;15.3504
Týnec nad Sázavou;49.8404;14.5921
Týnec;48.7764;17.0157
Týnec;49.3499;13.2700
Týniště nad Orlicí;50.1676;16.0791
Týniště;49.5156;13.4053
Týnišťko;50.0163;16.0935
Týček;49.8715;13.7956
Těchařovice;49.5958;14.0487
Těchlovice;50.2112;15.7180
Těchlovice;50.6954;14.2217
Těchobuz;49.5172;14.9340
Těchonín;50.0730;16.6312
Těmice;48.9990;17.2585
Těmice;49.3485;15.0483
Těně;49.7381;13.8030
Těrlicko;49.7489;18.5088
Těšany;49.0554;16.7814
Těšetice;48.8818;16.1512
Těšetice;49.5945;17.1317
Těškov;49.8033;13.6852
Těškovice;49.8160;18.0158
Těšovice;49.0515;14.0205
Těšovice;50.1828;12.6788
Třanovice;49.7071;18.5312
Třebařov;49.8367;16.6947
Třebechovice pod Orebem;50.2032;15.9896
Třebelovice;49.0317;15.6678
Třebenice;49.1665;16.0258
Třebenice;50.5141;13.9245
Třebestovice;50.1205;14.9588
Třebeň;50.1294;12.4022
Třebešice;49.7791;14.8235
Třebešice;49.9259;15.3404
Třebešov;50.1731;16.2027
Třebichovice;50.1964;14.0880
Třebihošť;50.4361;15.7064
Třebnouševes;50.3353;15.6508
Třeboc;50.2207;13.7677
Třebohostice;49.3266;13.8464
Třebom;50.0500;18.0322
Třebonín;49.8691;15.3111
Třebosice;50.0013;15.7358
Třebotov;49.9733;14.2937
Třebovice;49.8683;16.4967
Třebovle;50.0307;14.9705
Třeboň;49.0062;14.7716
Třebsko;49.6219;13.9657
Třebusice;50.2046;14.1891
Třebušín;50.6053;14.2162
Třebívlice;50.4745;13.8965
Třebíz;50.2697;13.9910
Třebíč;49.2199;15.8697
Třebčice;49.4838;13.6167
Třebějice;49.2395;14.8126
Třebětice;49.0462;15.5173
Třebětice;49.3173;17.5277
Třebětín;49.7781;15.2685
Třemešná;50.2044;17.5588
Třemešné;49.6197;12.6601
Třemošnice;49.8714;15.5965
Třemošná;49.8252;13.3917
Třesov;49.1843;16.0836
Třesovice;50.2582;15.6850
Třešovice;49.2105;13.9812
Třeštice;49.2494;15.4484
Třeština;49.8028;16.9524
Třešť;49.3104;15.4872
Tři Dvory;50.0331;15.2504
Tři Sekery;49.9331;12.5958
Tři Studně;49.6239;16.0255
Třibřichy;49.9693;15.7448
Třinec;49.6599;18.6436
Třtice;50.1913;13.8546
Třtěnice;50.3768;15.4634
Ublo;49.2359;17.9067
Ubušínek;49.6134;16.2832
Uhelná Příbram;49.7703;15.5910
Uhelná;50.3482;17.0069
Uhersko;49.9997;16.0206
Uherské Hradiště;49.0620;17.4987
Uherský Brod;49.0377;17.6601
Uherský Ostroh;48.9892;17.4072
Uherčice;48.9199;15.6057
Uherčice;48.9635;16.6549
Uhlířov;49.8955;17.8395
Uhlířská Lhota;50.0832;15.3975
Uhlířské Janovice;49.8706;15.0462
Uhy;50.2867;14.2690
Uhřice;49.0417;16.9515
Uhřice;49.1763;17.0762
Uhřice;49.2866;17.2104
Uhřice;49.5999;16.7340
Uhřičice;49.3791;17.2836
Uhřínov;49.3539;15.9268
Ujkovice;50.3698;15.0928
Ujčov;49.4858;16.3315
Unhošť;50.0759;14.1262
Uničov;49.7682;17.1131
Unkovice;49.0192;16.5800
Unín;49.3833;16.4989
Unčín;49.6155;16.2384
Urbanice;49.9731;15.5647
Urbanice;50.1815;15.7185
Urbanov;49.2127;15.5197
Určice;49.4249;17.0735
Uzenice;49.4715;13.9529
Uzeničky;49.4865;13.9496
Vacenovice;48.9431;17.1745
Vacov;49.1343;13.7072
Vacovice;49.1433;13.7776
Val;49.1413;14.7681
Val;50.3097;16.1940
Valašská Bystřice;49.4044;18.1230
Valašská Polanka;49.2608;18.0018
Valašská Senice;49.2373;18.1312
Valašské Klobouky;49.1480;18.0020
Valašské Meziříčí;49.4748;17.9667
Valašské Příkazy;49.1580;18.0688
Valchov;49.4708;16.7254
Valdice;50.4544;15.3879
Valdíkov;49.2515;15.9816
Valeč;49.1524;16.0248
Valeč;50.1682;13.2436
Valkeřice;50.7029;14.3247
Valtice;48.7422;16.7530
Valtrovice;48.8116;16.2142
Valy;49.9858;12.6576
Valy;50.0259;15.6152
Valšov;49.9338;17.4232
Vamberk;50.1135;16.3164
Vanov;49.2102;15.4150
Vanovice;49.5658;16.6559
Vanůvek;49.2248;15.4210
Varnsdorf;50.9062;14.5769
Varvažov;49.4433;14.1638
Vatín;49.5255;15.9650
Vavřinec;49.3897;16.7149
Vavřinec;49.9090;15.0443
Vchynice;50.5135;14.0183
Vedrovice;49.0194;16.3816
Vejprnice;49.7290;13.2776
Vejprty;50.4713;13.0288
Vejvanov;49.8631;13.6626
Vejvanovice;49.9683;15.8810
Velatice;49.1976;16.7527
Velehrad;49.1333;17.3724
Velemyšleves;50.4045;13.5655
Velemín;50.5364;13.9571
Velenice;50.2116;15.2195
Velenice;50.7163;14.6549
Velenka;50.1385;14.8805
Velenov;49.4850;16.7377
Veletiny;49.0317;17.5663
Veletov;50.0311;15.3030
Velečín;50.0775;13.4093
Veleň;50.1750;14.5494
Velešovice;49.1790;16.8520
Velešín;48.8376;14.4571
Velhartice;49.2593;13.3734
Velichov;50.2854;13.0063
Velichovky;50.3521;15.8241
Veliká Ves;50.2447;14.4528
Veliká Ves;50.2806;13.3528
Velim;50.0678;15.1178
Veliny;50.0746;16.0543
Veliš;49.6733;14.8169
Veliš;50.4017;15.3165
Velká Bukovina;50.7409;14.3926
Velká Buková;50.0435;13.8329
Velká Bystřice;49.5925;17.3605
Velká Bíteš;49.2835;16.1875
Velká Chmelištná;50.0661;13.5523
Velká Chyška;49.5079;15.0324
Velká Dobrá;50.1168;14.0752
Velká Hleďsebe;49.9595;12.6621
Velká Jesenice;50.3593;16.0293
Velká Kraš;50.3629;17.1580
Velká Lečice;49.8134;14.3109
Velká Lhota;49.4318;18.0355
Velká Losenice;49.5759;15.8287
Velká Polom;49.8721;18.1018
Velká Skrovnice;50.0353;16.3206
Velká Turná;49.3503;13.9701
Velká nad Veličkou;48.8901;17.5364
Velká Štáhle;49.9351;17.3509
Velké Albrechtice;49.7551;18.0488
Velké Bílovice;48.8578;16.9025
Velké Březno;50.6606;14.1425
Velké Chvojno;50.7226;14.0491
Velké Hamry;50.7191;15.2966
Velké Heraltice;49.9750;17.7243
Velké Hostěrádky;49.0404;16.8759
Velké Hoštice;49.9463;17.9703
Velké Hydčice;49.3094;13.6786
Velké Janovice;49.5917;16.2118
Velké Karlovice;49.3658;18.3291
Velké Kunětice;50.3201;17.2587
Velké Losiny;50.0590;17.0490
Velké Meziříčí;49.3714;16.0109
Velké Němčice;48.9964;16.6918
Velké Opatovice;49.6105;16.6516
Velké Pavlovice;48.9006;16.8340
Velké Petrovice;50.5213;16.1938
Velké Popovice;49.9098;14.6405
Velké Poříčí;50.4601;16.1921
Velké Přílepy;50.1618;14.3166
Velké Přítočno;50.1182;14.1284
Velké Svatoňovice;50.5529;16.0091
Velké Tresné;49.5810;16.3817
Velké Všelisy;50.3854;14.7319
Velké Žernoseky;50.5442;14.0652
Velký Beranov;49.4034;15.6637
Velký Bor;49.3748;13.6764
Velký Borek;50.3469;14.5378
Velký Chlumec;49.8298;14.0902
Velký Karlov;48.7999;16.3200
Velký Luh;50.2046;12.3683
Velký Malahov;49.6263;12.9707
Velký Osek;50.0977;15.1940
Velký Ořechov;49.1101;17.6587
Velký Ratmírov;49.1923;14.9281
Velký Rybník;49.4855;15.3168
Velký Týnec;49.5518;17.3326
Velký Třebešov;50.3992;16.0073
Velký Valtinov;50.7513;14.7343
Velký Vřešťov;50.3568;15.7499
Velký Újezd;49.5780;17.4815
Velký Šenov;50.9918;14.3919
Veltruby;50.0642;15.1820
Veltrusy;50.2725;14.3296
Veltěže;50.3481;13.8807
Velvary;50.2715;14.2167
Vendolí;49.7419;16.4091
Vendryně;49.6426;18.7031
Vepřová;49.6170;15.8306
Vepříkov;49.7428;15.5573
Verměřovice;50.0094;16.5668
Verneřice;50.6754;14.2845
Vernéřovice;50.6199;16.2139
Vernířovice;50.0394;17.1442
Verušičky;50.1552;13.1665
Ves Touškov;49.6608;13.1083
Vesce;49.2466;14.6693
Veselice;50.3978;15.1265
Veselá;49.2404;17.7788
Veselá;49.3237;15.2309
Veselá;49.6983;13.5995
Veselá;50.5478;15.3113
Veselé;50.7878;14.3792
Veselí nad Lužnicí;49.1762;14.6975
Veselí nad Moravou;48.9522;17.3888
Veselí;50.0108;15.6192
Veselíčko;49.3885;14.3576
Veselíčko;49.5398;17.4985
Veselý Žďár;49.6429;15.5245
Vestec;49.9880;14.5027
Vestec;50.2368;15.1414
Vestec;50.4225;16.0162
Veverská Bítýška;49.2715;16.4264
Veverské Knínice;49.2342;16.3998
Vevčice;48.9644;16.0287
Veřovice;49.5359;18.1269
Vidice;49.6050;12.8411
Vidice;49.9169;15.1825
Vidim;50.4732;14.5146
Vidlatá Seč;49.8415;16.2140
Vidnava;50.3697;17.1949
Vidochov;50.5046;15.5739
Vidonín;49.3789;16.2203
Vidov;48.9259;14.4926
Vidče;49.4481;18.0965
Vigantice;49.4357;18.1861
Vikantice;50.1408;16.9894
Vikýřovice;49.9790;17.0335
Vilantice;50.3597;15.7857
Vilice;49.5765;14.8646
Vilémov;49.6387;16.9827
Vilémov;49.8040;15.5315
Vilémov;50.3147;13.3158
Vilémov;50.9952;14.3235
Vilémovice;49.3654;16.7367
Vilémovice;49.6851;15.3191
Vimperk;49.0422;13.7645
Vinary;49.9591;16.0688
Vinary;50.2822;15.4343
Vinaře;49.9126;15.5001
Vinařice;49.8910;14.0933
Vinařice;50.1753;14.0874
Vinařice;50.2731;13.8225
Vinařice;50.3806;14.9444
Vincencov;49.4077;17.0579
Vinec;50.4050;14.8598
Viničné Šumice;49.2079;16.8309
Vintířov;50.2363;12.6911
Vitice;50.0206;14.9113
Vitiněves;50.3982;15.3752
Vitín;49.0919;14.5389
Vitčice;49.3122;17.2380
Vitějovice;49.0388;14.0721
Vizovice;49.2166;17.8575
Višňová;49.2191;14.8337
Višňová;49.6925;14.1269
Višňová;50.9742;15.0296
Višňové;48.9825;16.1466
Vižina;49.8524;14.1078
Vlachova Lhota;49.1533;17.9581
Vlachovice;49.1251;17.9321
Vlachovice;49.6038;16.0408
Vlachovo Březí;49.0786;13.9441
Vladislav;49.2119;15.9725
Vlasatice;48.9330;16.4826
Vlastec;49.3733;14.2178
Vlastiboř;49.2666;14.6214
Vlastiboř;50.6643;15.3161
Vlastibořice;50.6237;15.0477
Vlastislav;50.4992;13.9552
Vlastějovice;49.7227;15.1795
Vlačice;49.9412;15.4373
Vlašim;49.6986;14.8817
Vlkaneč;49.8232;15.4050
Vlkanov;49.4927;12.8102
Vlkanov;49.7187;15.3558
Vlkančice;49.9036;14.8994
Vlkava;50.2821;14.9714
Vlkov pod Oškobrhem;50.1588;15.2145
Vlkov;49.1174;14.5226
Vlkov;49.1591;14.7298
Vlkov;49.3187;16.2011
Vlkov;50.3140;15.9068
Vlkovice;49.9467;12.7416
Vlkoš;48.9968;17.1587
Vlkoš;49.3896;17.4064
Vlksice;49.4970;14.4396
Vlčatín;49.3110;15.9450
Vlčetínec;49.2803;15.0404
Vlčeves;49.3589;14.9092
Vlčice;50.3426;17.0317
Vlčice;50.5715;15.8154
Vlčkov;49.9127;16.3532
Vlčkovice v Podkrkonoší;50.4180;15.9129
Vlčková;49.3216;17.7499
Vlčnov;48.9965;17.5770
Vlčtejn;49.6159;13.4950
Vlčí Habřina;50.0823;15.5920
Vlčí;49.5117;13.3664
Vnorovy;48.9213;17.3461
Vochov;49.7522;13.2676
Vodice;49.4643;14.8824
Vodochody;50.2074;14.4030
Vodranty;49.8948;15.3345
Vodslivy;49.8531;14.8462
Voděrady;49.4762;16.5686
Voděrady;49.9557;16.3004
Voděrady;50.2081;16.1347
Vodňany;49.1503;14.1734
Vohančice;49.3282;16.3918
Vojkov;49.6544;14.5352
Vojkovice;49.0561;16.5952
Vojkovice;49.6796;18.4648
Vojkovice;50.3052;14.3732
Vojkovice;50.3132;13.0249
Vojníkov;49.3699;14.1740
Vojnův Městec;49.6706;15.8969
Vojslavice;49.5949;15.2348
Vojtanov;50.1559;12.3193
Vojtěchov;49.7762;15.9700
Vokov;49.3968;15.2148
Volanice;50.3383;15.3896
Volary;48.9261;13.9105
Volduchy;49.7774;13.6299
Volenice;49.2470;13.7459
Volenice;49.5450;13.9064
Volevčice;49.2130;15.4461
Volevčice;50.4277;13.6905
Voleč;50.1191;15.5694
Volfartice;50.7312;14.4495
Volfířov;49.1316;15.3515
Volyně;49.1613;13.8688
Volárna;50.0887;15.2326
Vonoklasy;49.9532;14.2860
Vortová;49.7084;15.9417
Votice;49.6351;14.6346
Voznice;49.8314;14.2050
Vraclav;49.9636;16.0904
Vracov;48.9551;17.2303
Vracovice;48.9130;15.9096
Vracovice;49.6589;14.9331
Vranov nad Dyjí;48.8917;15.8187
Vranov;49.3045;16.6242
Vranov;49.7577;13.0334
Vranov;49.8484;14.7698
Vranovice-Kelčice;49.4028;17.0996
Vranovice;48.9739;16.6036
Vranovice;49.6465;13.8842
Vranovská Ves;48.9504;15.9125
Vranová Lhota;49.7106;16.8178
Vranová;49.5535;16.5218
Vrané nad Vltavou;49.9304;14.3812
Vraný;50.3318;14.0315
Vrančice;49.6141;14.0468
Vratimov;49.7605;18.3323
Vratislávka;49.3914;16.2407
Vratěnín;48.9070;15.5879
Vračovice-Orlov;49.9545;16.2568
Vraňany;50.3313;14.3415
Vražkov;50.3803;14.2660
Vražné;49.6273;17.8490
Vrbatův Kostelec;49.8498;15.9332
Vrbice;48.9019;16.8970
Vrbice;49.1461;13.7024
Vrbice;50.0898;16.2489
Vrbice;50.1466;13.2265
Vrbice;50.1787;15.2279
Vrbice;50.3639;15.4367
Vrbice;50.4818;14.2900
Vrbičany;50.3090;14.0005
Vrbičany;50.4642;14.0861
Vrbka;49.2213;17.4106
Vrbno nad Lesy;50.3192;13.9152
Vrbno pod Pradědem;50.1224;17.3494
Vrbovec;48.7837;16.1157
Vrbová Lhota;50.1123;15.0663
Vrbátky;49.5071;17.1904
Vrbčany;50.0550;14.9875
Vrchlabí;50.6473;15.5956
Vrchoslavice;49.3297;17.2245
Vrchotovy Janovice;49.6852;14.5781
Vrchovany;50.5562;14.5618
Vrchovnice;50.3199;15.7593
Vrchy;49.7508;17.8788
Vrcovice;49.3401;14.1631
Vrdy;49.9290;15.4523
Vrhaveč;49.3393;13.3054
Vroutek;50.1681;13.3579
Vrskmaň;50.5023;13.5005
Vrutice;50.5039;14.2918
Vrábče;48.9190;14.3578
Vrátkov;50.0473;14.8302
Vrátno;50.4406;14.6844
Vráto;48.9899;14.5284
Vráž;49.3912;14.1174
Vráž;49.9895;14.1330
Vrážné;49.6807;16.7883
Vrčeň;49.5117;13.6282
Vršce;50.3254;15.3209
Vršovice;49.8708;17.9331
Vršovice;50.3773;13.8424
Vršovka;50.3254;16.1183
Vsetín;49.3466;17.9964
Vstiš;49.6424;13.2481
Vydří;49.0963;14.9455
Vyklantice;49.5625;15.0392
Vykáň;50.1221;14.8157
Vyskeř;50.5328;15.1563
Vyskytná nad Jihlavou;49.4268;15.4876
Vyskytná;49.4308;15.3566
Vysokov;50.4067;16.1167
Vysoká Lhota;49.4215;15.0385
Vysoká Libyně;50.0303;13.4835
Vysoká Pec;50.3570;12.6834
Vysoká Pec;50.5396;13.4596
Vysoká Srbská;50.4857;16.2255
Vysoká nad Labem;50.1580;15.8390
Vysoká u Příbramě;49.6354;13.9438
Vysoká;49.5654;15.6193
Vysoká;49.6662;16.8053
Vysoká;50.2540;17.5924
Vysoká;50.4079;14.5159
Vysoké Chvojno;50.1157;15.9865
Vysoké Mýto;49.9435;16.1483
Vysoké Pole;49.1848;17.9415
Vysoké Popovice;49.1836;16.2827
Vysoké Studnice;49.3953;15.7381
Vysoké Veselí;50.3368;15.4364
Vysoké nad Jizerou;50.6829;15.4026
Vysoké;49.5779;15.9669
Vysoký Chlumec;49.6231;14.3573
Vysoký Újezd;49.8152;14.4763
Vysoký Újezd;49.9865;14.2181
Vysoký Újezd;50.2408;16.0215
Vysočany;48.9514;15.6802
Vysočany;49.4397;16.7916
Vysočina;49.7775;15.8280
Vystrkov;49.5215;15.3481
Vystrčenovice;49.1528;15.5339
Vyšehněvice;50.0983;15.5797
Vyšehořovice;50.1252;14.7718
Vyšehoří;49.9416;16.8652
Vyškov;49.3031;16.9525
Vyškovec;48.9396;17.8588
Vyšní Lhoty;49.6360;18.4806
Vyšší Brod;48.6181;14.3155
Vyžice;49.9219;15.6057
Vyžlovka;49.9785;14.7824
Václavice;49.7868;14.6204
Václavov u Bruntálu;49.9659;17.3765
Václavovice;49.7569;18.3705
Václavy;50.0659;13.5824
Vápenice;48.9637;17.8341
Vápenná;50.2699;17.1075
Vápenný Podol;49.8931;15.6711
Vápno;50.1045;15.5321
Vápovice;49.1655;15.5670
Vážany nad Litavou;49.1219;16.8588
Vážany;49.0392;17.3078
Vážany;49.2411;17.0470
Vážany;49.5166;16.6895
Vémyslice;49.0112;16.2466
Vícemil;49.2625;14.8909
Víceměřice;49.3560;17.1725
Vícenice u Náměště nad Oslavou;49.2019;16.1172
Vícenice;49.0915;15.8033
Víchová nad Jizerou;50.6397;15.4786
Vícov;49.4884;16.9636
Vídeň;49.4007;16.0260
Vílanec;49.3338;15.5505
Vír;49.5605;16.3143
Víska u Jevíčka;49.6565;16.7087
Víska;49.7760;15.6450
Vísky;49.5379;16.6235
Vísky;49.6520;13.6726
Vítanov;49.7507;15.8762
Vítkov;49.7834;17.7421
Vítkovice;50.7162;15.5330
Vítonice;48.9211;16.2093
Vítonice;49.4501;17.6840
Vítějeves;49.6131;16.4630
Vítězná;50.4847;15.8005
Výkleky;49.5601;17.4744
Výprachtice;49.9843;16.6676
Výrava;50.2725;15.9735
Výrov;49.9650;13.4561
Výrovice;48.9328;16.1250
Výsluní;50.4743;13.2148
Výčapy;49.1428;15.8826
Výškov;50.4063;13.6685
Výšovice;49.4140;17.1473
Výžerky;49.9337;14.8841
Včelnička;49.3071;15.0398
Včelná;48.9223;14.4599
Včelákov;49.8100;15.8838
Věchnov;49.4987;16.2749
Věcov;49.6143;16.1687
Vědomice;50.4412;14.2656
Vělopolí;49.7054;18.5664
Věrovany;49.4616;17.2968
Věstín;49.5583;16.3430
Věteřov;49.0294;17.0517
Větrný Jeníkov;49.4767;15.4808
Větrušice;50.1936;14.3780
Větřkovice;49.7859;17.8201
Větřní;48.7397;14.3026
Věšín;49.6403;13.7890
Věž;49.5675;15.4574
Věžky;49.2874;17.2750
Věžky;49.4074;17.4318
Věžnice;49.4050;15.7604
Věžnice;49.5211;15.6779
Věžnička;49.4617;15.7059
Věžná;49.4165;14.9839
Věžná;49.4644;16.2667
Věžovatá Pláně;48.7741;14.4158
Vřesina;49.8236;18.1187
Vřesina;49.9496;18.1945
Vřeskovice;49.5249;13.2631
Vřesník;50.4381;15.6249
Vřesovice;49.0665;17.2107
Vřesovice;49.3984;17.1415
Vřesová;50.2580;12.6981
Všechlapy;49.7834;14.9222
Všechlapy;50.2279;15.0233
Všechovice;49.3673;16.4928
Všechovice;49.4599;17.7506
Všehrdy;49.9666;13.5854
Všehrdy;50.4117;13.4639
Všejany;50.2606;14.9410
Všekary;49.6123;13.0454
Všelibice;50.6293;14.9618
Všemina;49.2857;17.8719
Všemyslice;49.2243;14.3505
Všenice;49.8172;13.5566
Všenory;49.9327;14.3091
Všepadly;49.4523;13.1085
Všeradice;49.8749;14.1014
Všeradov;49.7507;15.8440
Všeruby;49.3416;13.0093
Všeruby;49.8524;13.1963
Všestary;49.9584;14.6824
Všestary;50.2626;15.7402
Všestudy;50.2929;14.3444
Všestudy;50.4534;13.5031
Všesulov;50.0428;13.6117
Všetaty;50.0449;13.7612
Všetaty;50.2829;14.5815
Vševily;49.5669;13.8844
Všeň;50.5531;15.1007
Xaverov;49.8427;14.8819
Zabrušany;50.6098;13.7917
Zachotín;49.4650;15.3494
Zachrašťany;50.2094;15.4798
Zadní Chodov;49.8955;12.6608
Zadní Střítež;49.4984;14.9123
Zadní Třebaň;49.9119;14.2060
Zadní Vydří;49.1311;15.4160
Zadní Zhořec;49.4302;15.9320
Zahnašovice;49.3039;17.5664
Zahorčice;49.2127;13.8169
Zahořany;49.4367;13.0193
Zahořany;49.8497;14.2924
Zahrádka;49.2378;16.0971
Zahrádka;49.8898;13.1966
Zahrádky;49.2002;15.2436
Zahrádky;50.6252;14.5274
Zahájí;49.0871;14.3787
Zaječice;49.9034;15.8814
Zaječov;49.7528;13.8448
Zaječí;48.8702;16.7605
Zajíčkov;49.3724;15.2519
Zakřany;49.1770;16.3279
Zalešany;50.0305;15.0108
Zaloňov;50.3712;15.8776
Zalužany;49.5403;14.0958
Zastávka;49.1922;16.3583
Zavidov;50.0601;13.6185
Zavlekov;49.3471;13.4788
Zašovice;49.2634;15.7194
Zašová;49.4842;18.0426
Zbelítov;49.4603;14.3216
Zbenice;49.5922;14.0810
Zbečno;50.0396;13.9082
Zbilidy;49.4408;15.4275
Zbinohy;49.4905;15.4752
Zbiroh;49.8728;13.7534
Zbizuby;49.8212;15.0163
Zblovice;48.9577;15.7018
Zborov;49.9434;16.8282
Zborovice;49.2570;17.2768
Zborovy;49.3786;13.5192
Zbožíčko;50.2242;14.9341
Zbraslav;49.2288;16.2924
Zbraslavec;49.4864;16.5202
Zbraslavice;49.7925;15.1742
Zbrašín;50.2999;13.7616
Zbuzany;50.0132;14.2814
Zbyslavice;49.8115;18.0700
Zbytiny;48.9315;13.9708
Zbýšov;49.1358;16.7992
Zbýšov;49.1558;16.3523
Zbýšov;49.8176;15.3585
Zběšičky;49.3968;14.4278
Zbůch;49.6800;13.2263
Zdechovice;50.0155;15.4676
Zdechovice;50.2276;15.5727
Zdelov;50.1053;16.1414
Zdemyslice;49.6050;13.5183
Zderaz;49.8341;16.1055
Zdeňkov;49.1405;15.6103
Zdiby;50.1642;14.4349
Zdice;49.9197;13.9726
Zdislava;50.7708;14.8763
Zdislavice;49.6786;14.9762
Zdobnice;50.2355;16.3972
Zdobín;50.4208;15.7037
Zdounky;49.2285;17.3155
Zduchovice;49.6328;14.2138
Zdíkov;49.0847;13.6913
Zděchov;49.2641;18.0905
Zdětín;49.5150;16.9864
Zdětín;50.3148;14.8010
Zelenecká Lhota;50.3993;15.1748
Zeleneč;50.1373;14.6729
Zelená Hora;49.3336;17.0156
Zemětice;49.5836;13.1797
Zhoř u Mladé Vožice;49.5426;14.7664
Zhoř u Tábora;49.3583;14.6611
Zhoř;49.4198;16.4745
Zhoř;49.4450;15.7584
Zhoř;49.4969;14.3742
Zhoř;49.6652;12.9653
Zhořec;49.4907;14.9799
Zichovec;50.2707;13.9196
Zlatníky-Hodkovice;49.9645;14.4767
Zlatá Koruna;48.8562;14.3590
Zlatá Olešnice;50.6235;15.9530
Zlatá Olešnice;50.6969;15.3448
Zlatá;50.0407;14.7047
Zlaté Hory;50.2337;17.3426
Zlechov;49.0795;17.3880
Zliv;49.0591;14.3696
Zlobice;49.2973;17.3103
Zlonice;50.2900;14.0939
Zlonín;50.2172;14.5058
Zlončice;50.2265;14.3593
Zlosyň;50.2707;14.3652
Zlukov;49.1917;14.7507
Zlámanec;49.1278;17.6254
Zlátenka;49.4275;15.0647
Zlín;49.2260;17.6758
Znojmo;48.8573;16.0414
Znětínek;49.4755;15.9185
Zruč nad Sázavou;49.7474;15.1133
Zruč-Senec;49.8086;13.4310
Zubrnice;50.6494;14.2196
Zubčice;48.8042;14.4182
Zubří;49.4851;18.0952
Zubří;49.5780;16.1292
Zvole;49.5024;16.1630
Zvole;49.8452;16.9095
Zvole;49.9329;14.4136
Zvolenovice;49.1590;15.5056
Zvoleněves;50.2304;14.1856
Zvotoky;49.2120;13.7565
Zvánovice;49.9408;14.7699
Zvíkov;48.8052;14.4456
Zvíkov;48.9822;14.6076
Zvíkovec;49.9525;13.6814
Zvíkovské Podhradí;49.4256;14.2057
Zvěrkovice;49.0221;15.8642
Zvěrotice;49.2762;14.7443
Zvěstov;49.6317;14.8096
Zvěstovice;49.8498;15.5045
Zvěřínek;50.1515;15.0084
Zábeštní Lhota;49.5148;17.4312
Záblatí;48.9864;13.9277
Záblatí;49.1020;14.6772
Záblatí;49.3162;16.1599
Záborná;49.4878;15.7622
Záboří nad Labem;50.0139;15.3570
Záboří;48.9919;14.2557
Záboří;49.3849;13.8244
Zábrdí;49.0269;13.9407
Zábrodí;50.4603;16.1288
Zábřeh;49.8944;16.8427
Zábřezí-Řečice;50.4167;15.7313
Záchlumí;49.8000;12.9626
Záchlumí;50.0945;16.3893
Zádolí;49.9033;16.1246
Zádub-Závišín;49.9754;12.7469
Zádveřice-Raková;49.2077;17.8054
Záhornice;50.2515;15.2661
Záhorovice;49.0350;17.7731
Záhoří;49.2101;14.8027
Záhoří;49.2388;14.5179
Záhoří;49.3447;14.2284
Záhoří;50.6230;15.2708
Zájezd;50.1681;14.2177
Zájezdec;49.9304;15.9291
Zákolany;50.1939;14.2490
Zákupy;50.6726;14.6450
Zálesná Zhoř;49.2525;16.2923
Zálesí;48.9667;15.7822
Zálezlice;50.3055;14.4296
Zálezly;49.1014;13.8848
Zálužice;50.3260;13.6176
Záluží;49.8456;13.8604
Záluží;50.4563;14.3175
Zálší;49.2222;14.5948
Zálší;49.9694;16.2384
Zámostí-Blata;50.4747;15.2670
Zámrsk;49.9886;16.1104
Zámrsky;49.5199;17.8254
Záměl;50.0946;16.2998
Zápy;50.1700;14.6792
Zárubice;49.1297;15.9774
Záryby;50.2181;14.6168
Zásada;50.7016;15.2723
Zásmuky;49.9447;15.0237
Zástřizly;49.1534;17.2463
Zátor;50.0376;17.5791
Závada;49.9576;18.1591
Závist;49.3792;16.5706
Závišice;49.6163;18.1011
Závraty;48.9384;14.3747
Zářecká Lhota;49.9925;16.2494
Záříčí;49.3982;17.3581
Úbislavice;50.4762;15.4618
Úboč;49.4427;13.0804
Údlice;50.4472;13.4695
Údrnice;50.3638;15.2552
Úherce;49.6960;13.2136
Úherce;50.3017;13.9428
Úherčice;49.9172;15.6742
Úhlejov;50.4355;15.6781
Úholičky;50.1704;14.3417
Úhonice;50.0494;14.1863
Úhořilka;49.5288;15.5269
Úhřetice;49.9782;15.8607
Úhřetická Lhota;49.9955;15.8739
Újezd nade Mží;49.7887;13.2034
Újezd pod Troskami;50.5100;15.2669
Újezd u Boskovic;49.4687;16.6752
Újezd u Brna;49.0997;16.7642
Újezd u Chocně;50.0318;16.1572
Újezd u Plánice;49.4171;13.4493
Újezd u Přelouče;50.1046;15.4937
Újezd u Rosic;49.2151;16.2682
Újezd u Sezemic;50.1176;15.8555
Újezd u Svatého Kříže;49.8600;13.5691
Újezd u Tišnova;49.3652;16.3176
Újezd u Černé Hory;49.3699;16.5439
Újezd;49.0328;16.0440
Újezd;49.1785;17.9044
Újezd;49.4250;12.8647
Újezd;49.5035;15.8812
Újezd;49.7657;17.1805
Újezd;49.8221;13.8167
Újezdec;49.0408;17.2771
Újezdec;49.1046;13.9602
Újezdec;49.2026;14.7787
Újezdec;49.8817;16.2068
Újezdec;50.2835;14.4222
Újezdeček;50.6501;13.7826
Úlehle;49.2074;13.8337
Úlibice;50.4315;15.4409
Úlice;49.7695;13.1539
Úmonín;49.8782;15.2793
Úmyslovice;50.2010;15.1829
Únanov;48.9023;16.0614
Únehle;49.7898;13.0193
Únice;49.3035;13.8741
Únějovice;49.4624;13.1152
Únětice;49.5835;13.4669
Únětice;50.1536;14.3543
Úněšov;49.8844;13.1455
Úpice;50.5079;15.9976
Úpohlavy;50.4589;14.0328
Úsilné;49.0111;14.5060
Úsilov;49.4001;13.1071
Úsobrno;49.5891;16.7742
Úsobí;49.5131;15.5113
Úsov;49.7964;16.9989
Ústrašice;49.3421;14.6845
Ústrašín;49.3817;15.1592
Ústup;49.5665;16.4544
Ústí nad Labem;50.6493;14.0420
Ústí nad Orlicí;49.9700;16.4234
Ústí;49.3056;18.0044
Ústí;49.4759;15.4122
Ústí;49.5203;17.7614
Ústín;49.5935;17.1605
Úsuší;49.3343;16.3632
Úterý;49.9500;12.9898
Útušice;49.6580;13.3703
Útvina;50.0885;12.9378
Útěchov;49.7277;16.6475
Útěchovice pod Stražištěm;49.5405;15.0302
Útěchovice;49.4764;15.1208
Útěchovičky;49.4621;15.1056
Úvalno;50.0502;17.7293
Úvaly;50.0807;14.7242
Úštěk;50.5854;14.3524
Úžice;49.8882;14.9510
Úžice;50.2591;14.3967
Čachotín;49.6940;15.6127
Čachovice;50.2872;14.9269
Čachrov;49.2171;13.2990
Čakov;48.9772;14.3023
Čakov;49.8201;14.8396
Čakovičky;50.2357;14.5333
Čaková;50.0557;17.5461
Čankovice;49.9728;15.9366
Častohostice;49.0151;15.8104
Častolovice;50.1386;16.1824
Častrov;49.3075;15.1853
Časy;50.0719;15.8968
Čavisov;49.8239;18.0856
Čebín;49.3106;16.4768
Čechočovice;49.2059;15.7786
Čechtice;49.6241;15.0373
Čechtín;49.3013;15.8277
Čechy pod Kosířem;49.5516;17.0306
Čechy;49.4299;17.5285
Čehovice;49.4336;17.1743
Čejetice;49.2431;14.0320
Čejkovice;48.8754;16.2906
Čejkovice;48.8987;16.9361
Čejkovice;49.0065;14.3805
Čejkovice;49.7947;15.3447
Čejov;49.5673;15.3798
Čejč;48.9379;16.9514
Čeladná;49.5154;18.3326
Čelechovice na Hané;49.5261;17.1019
Čelechovice;49.5154;17.3648
Čelistná;49.3617;15.2082
Čeložnice;49.0613;17.1528
Čelákovice;50.1568;14.7549
Čelčice;49.4139;17.1898
Čeminy;49.8026;13.2546
Čenkov u Bechyně;49.2404;14.4919
Čenkov;49.7833;14.0212
Čenkovice;50.0163;16.6920
Čeperka;50.1266;15.7617
Čepí;49.9873;15.7155
Čepřovice;49.1502;13.9796
Čeradice;50.3053;13.4841
Čermná nad Orlicí;50.0808;16.1476
Čermná ve Slezsku;49.7776;17.7059
Čermná;49.5376;13.1187
Čermná;50.5604;15.7648
Čermákovice;49.0287;16.1962
Černava;50.2865;12.7192
Černilov;50.2669;15.9208
Černiv;50.4489;14.0560
Černolice;49.9143;14.2994
Černotín;49.5411;17.7743
Černousy;51.0092;15.0370
Černouček;50.3585;14.3064
Černov;49.3471;15.3113
Černovice;49.3571;14.9776
Černovice;49.4895;16.3937
Černovice;49.6087;12.9924
Černovice;50.4493;13.3530
Černošice;49.9577;14.3190
Černošín;49.8087;12.8872
Černožice;50.3220;15.8715
Černuc;50.2971;14.2110
Černvír;49.4473;16.3459
Černá Hora;49.3983;16.5780
Černá Voda;50.3112;17.1529
Černá u Bohdanče;50.0536;15.6729
Černá v Pošumaví;48.7187;14.0901
Černá;49.4333;15.8674
Černé Voděrady;49.9506;14.8013
Černíkov;49.4097;13.1303
Černíkovice;49.9708;13.5661
Černíkovice;50.1915;16.2063
Černíky;50.1053;14.8121
Černín;48.9942;16.0208
Černíny;49.8537;15.2156
Černíč;49.1382;15.4581
Černý Důl;50.6426;15.7037
Černýšovice;49.3267;14.5240
Černčice;50.3362;16.1035
Černčice;50.3625;13.8418
Černěves;50.4576;14.2458
Červenka;49.7266;17.0634
Červená Hora;50.4527;16.0605
Červená Lhota;49.2825;15.8035
Červená Třemešná;50.4001;15.6506
Červená Voda;50.0419;16.7611
Červená Řečice;49.4957;15.1771
Červené Janovice;49.8328;15.2710
Červené Pečky;49.9769;15.1954
Červené Poříčí;49.5008;13.2970
Červený Hrádek;49.1251;15.5389
Červený Kostelec;50.4757;16.0926
Červený Újezd;49.5690;14.6205
Červený Újezd;50.0743;14.1722
Čerčany;49.8510;14.7031
Čerňovice;49.8105;13.1110
Česká Bělá;49.6478;15.7026
Česká Bříza;49.8306;13.4279
Česká Kamenice;50.8098;14.4380
Česká Kubice;49.3712;12.8255
Česká Lípa;50.6883;14.5482
Česká Metuje;50.5494;16.1674
Česká Rybná;50.0715;16.3803
Česká Skalice;50.4066;16.0499
Česká Třebová;49.9048;16.4372
Česká Ves;50.2562;17.1940
Česká Čermná;50.3938;16.2317
Česká;49.2800;16.5651
České Budějovice;48.9773;14.4660
České Heřmanice;49.9384;16.2585
České Lhotice;49.8530;15.7784
České Libchavy;50.0357;16.3733
České Meziříčí;50.2808;16.0335
České Petrovice;50.1215;16.6036
České Velenice;48.7771;14.9319
Český Brod;50.0757;14.8545
Český Dub;50.6609;14.9857
Český Jiřetín;50.6836;13.5903
Český Krumlov;48.8145;14.3090
Český Rudolec;49.0662;15.2935
Český Těšín;49.7352;18.5827
Český Šternberk;49.8090;14.9332
Čestice;49.1689;13.8140
Čestice;50.1247;16.1432
Čestlice;50.0053;14.5866
Čestín;49.8114;15.0913
Čečelice;50.2889;14.6223
Čečelovice;49.3689;13.7934
Čečkovice;49.7847;15.6613
Čečovice;49.5880;13.0209
Češov;50.3408;15.3679
Čichalov;50.1270;13.1908
Čikov;49.2689;16.1338
Čilec;50.2172;14.9802
Čilá;49.9605;13.7403
Čimelice;49.4748;14.0767
Činěves;50.2315;15.2122
Čisovice;49.8622;14.3126
Čistá u Horek;50.5361;15.5949
Čistá;49.8149;16.3566
Čistá;50.0386;13.5270
Čistá;50.4704;14.8445
Čistěves;50.2920;15.7241
Čižice;49.6467;13.3984
Čkyně;49.1143;13.7955
Člunek;49.1037;15.1321
Čmelíny;49.4927;13.6575
Čtveřín;50.6077;15.0920
Čtyřkoly;49.8742;14.7164
Čučice;49.1389;16.2764
Čáslav;49.9136;15.3956
Čáslavice;49.1540;15.7633
Čáslavsko;49.5870;15.0064
Částkov;49.1041;17.6247
Částkov;49.7630;12.6526
Číchov;49.2806;15.7550
Číhalín;49.2679;15.8061
Číhaň;49.3436;13.4235
Číhošť;49.7525;15.3330
Čím;49.7770;14.3801
Čímice;49.2500;13.6094
Číměř;49.0645;15.0676
Číměř;49.1934;15.9954
Číčenice;49.1512;14.2364
Číčovice;50.1544;14.2473
Čížkov;49.4406;15.1105
Čížkov;49.5568;13.6783
Čížkovice;50.4800;14.0373
Čížkrajice;48.8093;14.6465
Čížov;49.3500;15.5844
Čížová;49.3613;14.1024
Řehenice;49.8773;14.6268
Řehlovice;50.6183;13.9467
Řeka;49.6227;18.5804
Řemíčov;49.5223;14.7777
Řendějov;49.7722;15.0867
Řenče;49.5812;13.4253
Řepeč;49.4042;14.5320
Řepice;49.2853;13.9292
Řepiště;49.7437;18.3309
Řepníky;49.9124;16.0791
Řepov;50.4039;14.9588
Řepín;50.3768;14.6218
Řestoky;49.9192;15.9105
Řetová;49.9459;16.3770
Řetůvka;49.9592;16.3525
Řevnice;49.9047;14.2269
Řevničov;50.1800;13.8222
Řečany nad Labem;50.0366;15.4927
Řečice;49.5135;16.0603
Řečice;49.6140;15.3558
Řeřichy;50.0813;13.5935
Řikonín;49.3647;16.3018
Řimovice;49.6993;14.9423
Řisuty;50.2171;13.9997
Řitka;49.8975;14.2868
Řitonice;50.4132;15.1010
Řásná;49.2319;15.3794
Řícmanice;49.2601;16.6945
Řídelov;49.2488;15.4028
Řídeč;49.7723;17.2596
Řídký;49.8982;16.2420
Říkov;50.3821;16.0139
Říkovice;49.3837;17.4470
Římov;48.8590;14.4949
Římov;49.1736;15.7551
Řípec;49.2181;14.7240
Říčany;49.2211;16.3797
Říčany;49.9885;14.6576
Říčky v Orlických horách;50.2163;16.4523
Říčky;49.2371;16.3602
Šabina;50.1320;12.5795
Šafov;48.8695;15.7264
Šakvice;48.8867;16.7182
Šanov;48.8088;16.3461
Šanov;49.0348;17.9103
Šanov;50.0901;13.6273
Šaplava;50.3160;15.5380
Šaratice;49.1116;16.8105
Šardice;48.9706;17.0315
Šarovy;49.1522;17.6021
Šatov;48.7869;16.0280
Šebestěnice;49.8309;15.3762
Šebetov;49.5573;16.7202
Šebkovice;49.1285;15.8094
Šebrov-Kateřina;49.3351;16.6050
Šebířov;49.5820;14.7906
Šedivec;50.0484;16.5301
Šelešovice;49.2518;17.3537
Šemnice;50.2381;12.9694
Šenov u Nového Jičína;49.6216;18.0245
Šenov;49.7887;18.3889
Šerkovice;49.3959;16.4388
Šestajovice;50.1132;14.6804
Šestajovice;50.3401;16.0092
Šetějovice;49.6521;15.2252
Ševětín;49.1055;14.5800
Šilheřovice;49.9151;18.2680
Šimanov;49.4584;15.4532
Šimonovice;50.7075;15.0404
Šindelová;50.3325;12.6069
Široká Niva;50.0551;17.4730
Široký Důl;49.7442;16.2163
Šitbořice;49.0171;16.7735
Šišma;49.4734;17.5829
Škrdlovice;49.6386;15.9233
Škvorec;50.0406;14.7277
Škvořetice;49.4066;13.9465
Šlapanice;49.1658;16.7227
Šlapanice;50.3189;14.1088
Šlapanov;49.5449;15.6670
Šluknov;51.0038;14.4607
Šléglov;50.1652;16.9893
Šonov;50.6025;16.3999
Šošůvka;49.4173;16.7588
Špindlerův Mlýn;50.7194;15.6076
Špičky;49.5457;17.7958
Štarnov;49.6807;17.2662
Šternberk;49.7560;17.3112
Štichov;49.5842;13.0474
Štichovice;49.9815;13.3070
Štipoklasy;49.8280;15.2123
Štoky;49.5027;15.5829
Štramberk;49.5850;18.1049
Študlov;49.1578;18.1035
Študlov;49.6009;16.5038
Štáblovice;49.8780;17.8134
Štíhlice;50.0021;14.7789
Štítary;48.9390;15.8343
Štítina;49.9182;18.0045
Štítná nad Vláří-Popov;49.0621;17.9669
Štítov;49.6670;13.6881
Štíty;49.9692;16.7652
Štěchov;49.4509;16.5035
Štěchovice;49.2539;13.7665
Štěchovice;49.8482;14.4048
Štědrá;50.0525;13.1239
Štěkeň;49.2767;14.0163
Štěměchy;49.1836;15.7089
Štěnovice;49.6697;13.4009
Štěnovický Borek;49.6498;13.4314
Štěpkov;49.0833;15.6508
Štěpánkovice;49.9609;18.0382
Štěpánov nad Svratkou;49.5048;16.3299
Štěpánov;49.6863;17.2188
Štěpánovice;48.9970;14.6723
Štěpánovice;49.3763;16.3872
Štětkovice;49.6676;14.5000
Štětí;50.4696;14.4143
Šubířov;49.6138;16.8124
Šumavské Hoštice;49.0459;13.8793
Šumice;48.9862;16.4566
Šumice;49.0306;17.7201
Šumná;48.9302;15.8828
Šumperk;49.9835;16.9560
Šumvald;49.8471;17.1363
Švihov;49.4897;13.2987
Švihov;50.1130;13.5649
Švábenice;49.2667;17.1275
Švábov;49.3047;15.3586
Šárovcova Lhota;50.4087;15.5599
Šípy;50.0131;13.6178
Šťáhlavy;49.6672;13.5332
Žabeň;49.7120;18.3065
Žabonosy;50.0393;15.0264
Žabovřesky nad Ohří;50.4213;14.0879
Žabovřesky;49.0084;14.3096
Žabčice;49.0080;16.5876
Žacléř;50.6647;15.9074
Žalany;50.5797;13.9068
Žalhostice;50.5268;14.0873
Žalkovice;49.3694;17.4392
Žamberk;50.0879;16.4647
Žampach;50.0381;16.4198
Žandov;50.6959;14.3994
Žarošice;49.0672;16.9717
Žatec;49.2048;15.5067
Žatec;50.3196;13.5343
Žatčany;49.0821;16.7453
Ždánice;49.0858;17.0180
Ždánice;49.5506;16.2634
Ždánice;49.9776;14.9675
Ždánov;49.4679;12.8525
Ždírec nad Doubravou;49.7153;15.8123
Ždírec;49.4586;15.6805
Ždírec;49.5572;13.5752
Ždírec;49.6339;15.6453
Ždírec;50.5187;14.6206
Žebrák;49.8743;13.8863
Žehuň;50.1428;15.2992
Žehušice;49.9604;15.4201
Želatovice;49.4437;17.4959
Želechovice nad Dřevnicí;49.1907;17.7368
Želechovice;49.7512;17.1473
Želenice;50.2115;14.1730
Želenice;50.5236;13.7371
Želetava;49.1488;15.6758
Želetice;48.9384;16.1957
Želetice;49.0138;17.0009
Železnice;50.4752;15.3688
Železná Ruda;49.1915;13.2111
Železná;50.0111;14.0885
Železné;49.3643;16.4548
Železný Brod;50.6497;15.2597
Želeč;49.3255;14.6425
Želeč;49.3482;17.1024
Želešice;49.1130;16.5701
Želiv;49.5404;15.2330
Želivsko;49.6401;16.5626
Želkovice;50.4629;13.8759
Želnava;48.8221;13.9507
Želízy;50.4361;14.4919
Ženklava;49.5655;18.1055
Žeranovice;49.2907;17.6045
Žeravice;49.0244;17.2378
Žeraviny;48.9103;17.3813
Žeretice;50.3575;15.4119
Žermanice;49.7380;18.4419
Žernov;50.4335;16.0497
Žernov;50.5533;15.2688
Žernovice;49.0275;14.0445
Žernovník;49.4091;16.5414
Žerotice;48.9288;16.1634
Žerotín;49.7185;17.1909
Žerotín;50.2716;13.8894
Žerčice;50.3714;15.0349
Žerůtky;48.9073;15.9576
Žerůtky;49.4425;16.5284
Žichlínek;49.8770;16.6344
Žichovice;49.2673;13.6352
Židlochovice;49.0353;16.6254
Židněves;50.4161;14.9898
Židovice;50.2970;15.3192
Židovice;50.4451;14.2182
Žihle;50.0447;13.3468
Žihobce;49.2114;13.6190
Žilina;50.1063;13.9966
Žilov;49.8392;13.3127
Žim;50.5817;13.9651
Žimutice;49.1788;14.4881
Žinkovy;49.4963;13.4819
Žirov;49.4686;15.3193
Žirovnice;49.2586;15.1510
Žitenice;50.5746;14.1552
Žitovlice;50.2989;15.1353
Živanice;50.0605;15.6390
Životice u Nového Jičína;49.5560;18.0667
Životice;49.4696;13.6961
Žiželice;50.1237;15.4000
Žiželice;50.3675;13.5158
Žižice;50.2491;14.1579
Žižkovo Pole;49.6160;15.7296
Žlebské Chvalovice;49.8971;15.5600
Žleby;49.8829;15.4725
Žlunice;50.3019;15.3799
Žlutava;49.2036;17.4880
Žlutice;50.0951;13.1675
Žulová;50.3195;17.1067
Žumberk;49.8700;15.8621
Županovice;48.9546;15.4997
Županovice;49.7140;14.2951
Žádovice;49.0076;17.2034
Žákava;49.6321;13.5436
Žákovice;49.4537;17.6450
Žáky;49.8818;15.3678
Žár;48.8012;14.7092
Žáravice;50.1093;15.5558
Žárovná;49.0523;13.8938
Žítková;48.9809;17.8858
Žíšov;49.2066;14.6865
Žďár nad Metují;50.5449;16.2056
Žďár nad Orlicí;50.1222;16.0875
Žďár nad Sázavou;49.5747;15.9436
Žďár;49.2293;14.2496
Žďár;49.2598;15.0854
Žďár;49.4288;16.7107
Žďár;50.0583;13.4694
Žďár;50.5421;15.0898
Žďárec;49.3821;16.2682
Žďárek;50.6444;15.1026
Žďárky;50.4662;16.2295
Žďárná;49.4639;16.7707
